方案,验收,transport_sorties,relay_sorties,makespan_s,energy_kwh,weighted_lateness,总架次
方案一,历史PASS,31,13,23094.170391878757,99.14120899024186,2908010.1196355224,44
方案二,历史PASS,31,12,15159.195158195356,91.96517872557403,632182.8956649068,43
方案三-少架次,PASS,24,10,12846.727665741508,75.10511214044642,550194.0010686526,34
方案三-及时性,历史PASS,29,11,15159.195158195356,90.58917221773667,540361.616638582,40
方案四-rebatch,PASS,24,9,10358.727665741508,74.74786901631524,364912.33068525326,33
方案四-rebatch,PASS,26,9,10124.681682937198,74.9651353070465,309592.9619048942,35
方案四-tradeoff,PASS,26,9,10124.681682937198,75.17903395639279,279571.41049857385,35
方案四-tradeoff,PASS,26,9,10124.681682937198,74.97430197371315,309232.9619048942,35
方案四-tradeoff,PASS,26,9,10124.681682937198,75.05252419593538,305752.9619048942,35
