运输架次编号,通信阶段,开始时刻（s）,结束时刻（s）,保障方式,中继架次编号
T001,爬升,359.99999999999994,378.6290839301215,直连,
T001,爬升,378.6290839301215,397.258167860243,直连,
T001,爬升,397.258167860243,415.8872517903646,直连,
T001,巡航,415.8872517903646,435.38793280950654,直连,
T001,巡航,435.38793280950654,454.8886138286485,直连,
T001,巡航,454.8886138286485,474.38929484779044,直连,
T001,巡航,474.38929484779044,493.8899758669324,直连,
T001,巡航,493.8899758669324,513.3906568860743,直连,
T001,巡航,513.3906568860743,532.8913379052162,直连,
T001,巡航,532.8913379052162,552.3920189243582,直连,
T001,巡航,552.3920189243582,571.8926999435001,直连,
T001,巡航,571.8926999435001,591.3933809626421,直连,
T001,巡航,591.3933809626421,610.894061981784,直连,
T001,巡航,610.894061981784,630.3947430009259,直连,
T001,巡航,630.3947430009259,649.8954240200679,直连,
T001,下降,649.8954240200679,666.5477750942866,直连,
T001,下降,666.5477750942866,683.2001261685054,直连,
T001,投送,683.2001261685054,702.2910352594146,直连,
T001,投送,702.2910352594146,721.3819443503236,直连,
T001,投送,721.3819443503236,740.4728534412327,直连,
T001,投送,740.4728534412327,759.5637625321418,直连,
T001,投送,759.5637625321418,778.654671623051,直连,
T001,投送,778.654671623051,797.74558071396,直连,
T001,投送,797.74558071396,816.8364898048691,直连,
T001,投送,816.8364898048691,835.9273988957782,直连,
T001,投送,835.9273988957782,855.0183079866872,直连,
T001,投送,855.0183079866872,874.1092170775963,直连,
T001,投送,874.1092170775963,893.2001261685054,直连,
T001,爬升,893.2001261685054,907.0770853970212,直连,
T001,爬升,907.0770853970212,920.9540446255368,直连,
T001,巡航,920.9540446255368,940.4547256446787,直连,
T001,巡航,940.4547256446787,959.9554066638207,直连,
T001,巡航,959.9554066638207,979.4560876829626,直连,
T001,巡航,979.4560876829626,998.9567687021046,直连,
T001,巡航,998.9567687021046,1018.4574497212465,直连,
T001,巡航,1018.4574497212465,1037.9581307403885,直连,
T001,巡航,1037.9581307403885,1057.4588117595304,直连,
T001,巡航,1057.4588117595304,1076.9594927786723,直连,
T001,巡航,1076.9594927786723,1096.4601737978142,直连,
T001,巡航,1096.4601737978142,1115.9608548169563,直连,
T001,巡航,1115.9608548169563,1135.4615358360982,直连,
T001,巡航,1135.4615358360982,1154.96221685524,直连,
T001,下降,1154.96221685524,1171.7283923923494,直连,
T001,下降,1171.7283923923494,1188.4945679294588,直连,
T001,下降,1188.4945679294588,1205.2607434665683,直连,
T001,下降,1205.2607434665683,1222.0269190036777,直连,
T002,爬升,360.0,379.8664866129558,直连,
T002,爬升,379.8664866129558,399.7329732259115,直连,
T002,爬升,399.7329732259115,419.59945983886723,直连,
T002,爬升,419.59945983886723,439.465946451823,直连,
T002,巡航,439.465946451823,458.4317239116678,直连,
T002,巡航,458.4317239116678,477.39750137151253,直连,
T002,巡航,477.39750137151253,496.3632788313573,直连,
T002,巡航,496.3632788313573,515.329056291202,直连,
T002,巡航,515.329056291202,534.2948337510468,直连,
T002,巡航,534.2948337510468,553.2606112108916,直连,
T002,巡航,553.2606112108916,572.2263886707364,直连,
T002,巡航,572.2263886707364,591.1921661305811,直连,
T002,巡航,591.1921661305811,610.1579435904259,直连,
T002,巡航,610.1579435904259,629.1237210502707,直连,
T002,巡航,629.1237210502707,648.0894985101154,直连,
T002,巡航,648.0894985101154,667.0552759699601,直连,
T002,巡航,667.0552759699601,686.021053429805,直连,
T002,巡航,686.021053429805,704.9868308896497,直连,
T002,下降,704.9868308896497,715.2463987607434,直连,
T002,下降,715.2463987607434,725.5059666318372,直连,
T002,投送,725.5059666318372,744.5968757227463,直连,
T002,投送,744.5968757227463,763.6877848136553,直连,
T002,投送,763.6877848136553,782.7786939045644,直连,
T002,投送,782.7786939045644,801.8696029954735,直连,
T002,投送,801.8696029954735,820.9605120863827,直连,
T002,投送,820.9605120863827,840.0514211772917,直连,
T002,投送,840.0514211772917,859.1423302682008,直连,
T002,投送,859.1423302682008,878.2332393591099,直连,
T002,投送,878.2332393591099,897.324148450019,直连,
T002,投送,897.324148450019,916.415057540928,直连,
T002,投送,916.415057540928,935.5059666318372,直连,
T002,爬升,935.5059666318372,952.6052464169934,直连,
T002,巡航,952.6052464169934,971.5710238768381,直连,
T002,巡航,971.5710238768381,990.536801336683,直连,
T002,巡航,990.536801336683,1009.5025787965277,直连,
T002,巡航,1009.5025787965277,1028.4683562563725,直连,
T002,巡航,1028.4683562563725,1047.4341337162173,直连,
T002,巡航,1047.4341337162173,1066.399911176062,直连,
T002,巡航,1066.399911176062,1085.3656886359067,直连,
T002,巡航,1085.3656886359067,1104.3314660957515,直连,
T002,巡航,1104.3314660957515,1123.2972435555962,直连,
T002,巡航,1123.2972435555962,1142.263021015441,直连,
T002,巡航,1142.263021015441,1161.2287984752859,直连,
T002,巡航,1161.2287984752859,1180.1945759351306,直连,
T002,巡航,1180.1945759351306,1199.1603533949753,直连,
T002,巡航,1199.1603533949753,1218.12613085482,直连,
T002,下降,1218.12613085482,1237.1979580032576,直连,
T002,下降,1237.1979580032576,1256.269785151695,直连,
T002,下降,1256.269785151695,1275.3416123001327,直连,
T002,下降,1275.3416123001327,1294.4134394485702,直连,
T002,下降,1294.4134394485702,1313.4852665970077,直连,
T003,爬升,389.9999999999999,409.0400663248697,直连,
T003,爬升,409.0400663248697,428.0801326497395,直连,
T003,爬升,428.0801326497395,447.1201989746093,直连,
T003,爬升,447.1201989746093,466.1602652994791,直连,
T003,爬升,466.1602652994791,485.2003316243489,直连,
T003,巡航,485.2003316243489,504.9081935608007,直连,
T003,巡航,504.9081935608007,524.6160554972525,直连,
T003,巡航,524.6160554972525,544.3239174337044,直连,
T003,巡航,544.3239174337044,564.0317793701563,直连,
T003,巡航,564.0317793701563,583.7396413066081,直连,
T003,巡航,583.7396413066081,603.4475032430599,直连,
T003,巡航,603.4475032430599,623.1553651795118,直连,
T003,巡航,623.1553651795118,642.8632271159636,直连,
T003,巡航,642.8632271159636,662.5710890524155,直连,
T003,巡航,662.5710890524155,682.2789509888673,直连,
T003,巡航,682.2789509888673,701.9868129253191,直连,
T003,巡航,701.9868129253191,721.694674861771,直连,
T003,巡航,721.694674861771,741.4025367982229,直连,
T003,巡航,741.4025367982229,761.1103987346746,中继,R001
T003,巡航,761.1103987346746,780.8182606711265,中继,R001
T003,巡航,780.8182606711265,800.5261226075784,中继,R001
T003,巡航,800.5261226075784,820.2339845440301,中继,R001
T003,巡航,820.2339845440301,839.9418464804821,中继,R001
T003,巡航,839.9418464804821,859.6497084169339,中继,R001
T003,巡航,859.6497084169339,879.3575703533858,中继,R001
T003,巡航,879.3575703533858,899.0654322898375,中继,R001
T003,巡航,899.0654322898375,918.7732942262894,中继,R001
T003,巡航,918.7732942262894,938.4811561627412,中继,R001
T003,巡航,938.4811561627412,958.189018099193,中继,R001
T003,巡航,958.189018099193,977.8968800356449,中继,R001
T003,下降,977.8968800356449,995.6970126853845,中继,R001
T003,下降,995.6970126853845,1013.4971453351242,中继,R001
T003,下降,1013.4971453351242,1031.2972779848637,中继,R001
T003,投送,1031.2972779848637,1051.2972779848637,中继,R001
T003,投送,1051.2972779848637,1071.2972779848637,中继,R001
T003,投送,1071.2972779848637,1091.2972779848637,中继,R001
T003,投送,1091.2972779848637,1111.2972779848637,中继,R001
T003,投送,1111.2972779848637,1131.2972779848637,中继,R001
T003,投送,1131.2972779848637,1151.2972779848637,中继,R001
T003,投送,1151.2972779848637,1171.2972779848637,中继,R001
T003,投送,1171.2972779848637,1191.2972779848637,中继,R001
T003,投送,1191.2972779848637,1211.2972779848637,中继,R001
T003,投送,1211.2972779848637,1231.2972779848637,中继,R001
T003,投送,1231.2972779848637,1251.2972779848637,中继,R001
T003,投送,1251.2972779848637,1271.2972779848637,中继,R001
T003,爬升,1271.2972779848637,1286.1307218596467,中继,R001
T003,爬升,1286.1307218596467,1300.9641657344298,中继,R001
T003,爬升,1300.9641657344298,1315.7976096092127,中继,R001
T003,巡航,1315.7976096092127,1335.5054715456645,中继,R001
T003,巡航,1335.5054715456645,1355.2133334821165,中继,R001
T003,巡航,1355.2133334821165,1374.9211954185682,中继,R001
T003,巡航,1374.9211954185682,1394.62905735502,中继,R001
T003,巡航,1394.62905735502,1414.336919291472,中继,R001
T003,巡航,1414.336919291472,1434.0447812279237,中继,R001
T003,巡航,1434.0447812279237,1453.7526431643755,中继,R001
T003,巡航,1453.7526431643755,1473.4605051008275,中继,R001
T003,巡航,1473.4605051008275,1493.1683670372793,中继,R001
T003,巡航,1493.1683670372793,1512.876228973731,中继,R001
T003,巡航,1512.876228973731,1532.584090910183,中继,R001
T003,巡航,1532.584090910183,1552.2919528466348,中继,R001
T003,巡航,1552.2919528466348,1571.9998147830865,直连,
T003,巡航,1571.9998147830865,1591.7076767195385,直连,
T003,巡航,1591.7076767195385,1611.4155386559903,直连,
T003,巡航,1611.4155386559903,1631.123400592442,直连,
T003,巡航,1631.123400592442,1650.8312625288938,直连,
T003,巡航,1650.8312625288938,1670.5391244653458,直连,
T003,巡航,1670.5391244653458,1690.2469864017976,直连,
T003,巡航,1690.2469864017976,1709.9548483382496,直连,
T003,巡航,1709.9548483382496,1729.6627102747013,直连,
T003,巡航,1729.6627102747013,1749.370572211153,直连,
T003,巡航,1749.370572211153,1769.078434147605,直连,
T003,巡航,1769.078434147605,1788.7862960840569,直连,
T003,巡航,1788.7862960840569,1808.4941580205086,直连,
T003,下降,1808.4941580205086,1827.5342243453783,直连,
T003,下降,1827.5342243453783,1846.5742906702483,直连,
T003,下降,1846.5742906702483,1865.6143569951182,直连,
T003,下降,1865.6143569951182,1884.654423319988,直连,
T003,下降,1884.654423319988,1903.6944896448576,直连,
T003,下降,1903.6944896448576,1922.7345559697276,直连,
T004,爬升,479.9999999999999,498.125425415039,直连,
T004,爬升,498.125425415039,516.2508508300781,直连,
T004,爬升,516.2508508300781,534.3762762451172,直连,
T004,爬升,534.3762762451172,552.5017016601563,直连,
T004,巡航,552.5017016601563,572.2651888835223,直连,
T004,巡航,572.2651888835223,592.0286761068884,直连,
T004,巡航,592.0286761068884,611.7921633302544,直连,
T004,巡航,611.7921633302544,631.5556505536205,直连,
T004,巡航,631.5556505536205,651.3191377769865,直连,
T004,巡航,651.3191377769865,671.0826250003527,直连,
T004,巡航,671.0826250003527,690.8461122237186,直连,
T004,巡航,690.8461122237186,710.6095994470847,直连,
T004,巡航,710.6095994470847,730.3730866704508,直连,
T004,巡航,730.3730866704508,750.1365738938168,直连,
T004,巡航,750.1365738938168,769.9000611171829,直连,
T004,巡航,769.9000611171829,789.6635483405489,直连,
T004,巡航,789.6635483405489,809.427035563915,直连,
T004,巡航,809.427035563915,829.190522787281,中继,R002
T004,巡航,829.190522787281,848.954010010647,中继,R002
T004,巡航,848.954010010647,868.7174972340131,中继,R002
T004,巡航,868.7174972340131,888.4809844573791,中继,R002
T004,巡航,888.4809844573791,908.2444716807452,中继,R001
T004,巡航,908.2444716807452,928.0079589041113,中继,R002
T004,巡航,928.0079589041113,947.7714461274772,中继,R002
T004,巡航,947.7714461274772,967.5349333508434,中继,R002
T004,巡航,967.5349333508434,987.2984205742094,中继,R002
T004,巡航,987.2984205742094,1007.0619077975755,中继,R002
T004,巡航,1007.0619077975755,1026.8253950209414,中继,R002
T004,巡航,1026.8253950209414,1046.5888822443076,中继,R002
T004,下降,1046.5888822443076,1061.497924602706,中继,R002
T004,下降,1061.497924602706,1076.4069669611044,中继,R002
T004,下降,1076.4069669611044,1091.3160093195029,中继,R002
T004,投送,1091.3160093195029,1111.1160093195028,中继,R002
T004,投送,1111.1160093195028,1130.9160093195028,中继,R002
T004,投送,1130.9160093195028,1150.716009319503,中继,R002
T004,投送,1150.716009319503,1170.516009319503,中继,R002
T004,投送,1170.516009319503,1190.3160093195029,中继,R002
T004,投送,1190.3160093195029,1210.1160093195028,中继,R002
T004,投送,1210.1160093195028,1229.9160093195028,中继,R002
T004,投送,1229.9160093195028,1249.716009319503,中继,R002
T004,投送,1249.716009319503,1269.516009319503,中继,R002
T004,投送,1269.516009319503,1289.3160093195029,中继,R002
T004,投送,1289.3160093195029,1309.1160093195028,中继,R002
T004,投送,1309.1160093195028,1328.9160093195028,中继,R002
T004,投送,1328.9160093195028,1348.716009319503,中继,R002
T004,投送,1348.716009319503,1368.516009319503,中继,R002
T004,投送,1368.516009319503,1388.3160093195029,中继,R002
T004,投送,1388.3160093195029,1408.1160093195028,中继,R002
T004,投送,1408.1160093195028,1427.9160093195028,中继,R002
T004,投送,1427.9160093195028,1447.716009319503,中继,R002
T004,投送,1447.716009319503,1467.516009319503,中继,R002
T004,投送,1467.516009319503,1487.3160093195029,中继,R002
T004,爬升,1487.3160093195029,1505.206860149581,中继,R002
T004,爬升,1505.206860149581,1523.097710979659,中继,R002
T004,巡航,1523.097710979659,1542.8611982030252,中继,R002
T004,巡航,1542.8611982030252,1562.6246854263911,中继,R002
T004,巡航,1562.6246854263911,1582.3881726497573,中继,R002
T004,巡航,1582.3881726497573,1602.1516598731232,中继,R002
T004,巡航,1602.1516598731232,1621.9151470964894,中继,R002
T004,巡航,1621.9151470964894,1641.6786343198553,中继,R002
T004,巡航,1641.6786343198553,1661.4421215432214,中继,R002
T004,巡航,1661.4421215432214,1681.2056087665874,中继,R002
T004,巡航,1681.2056087665874,1700.9690959899535,中继,R002
T004,巡航,1700.9690959899535,1720.7325832133197,中继,R002
T004,巡航,1720.7325832133197,1740.4960704366856,中继,R002
T004,巡航,1740.4960704366856,1760.2595576600518,中继,R002
T004,巡航,1760.2595576600518,1780.0230448834177,直连,
T004,巡航,1780.0230448834177,1799.7865321067839,直连,
T004,巡航,1799.7865321067839,1819.5500193301498,直连,
T004,巡航,1819.5500193301498,1839.313506553516,直连,
T004,巡航,1839.313506553516,1859.0769937768819,直连,
T004,巡航,1859.0769937768819,1878.840481000248,直连,
T004,巡航,1878.840481000248,1898.6039682236142,直连,
T004,巡航,1898.6039682236142,1918.36745544698,直连,
T004,巡航,1918.36745544698,1938.1309426703463,直连,
T004,巡航,1938.1309426703463,1957.8944298937122,直连,
T004,巡航,1957.8944298937122,1977.6579171170783,直连,
T004,巡航,1977.6579171170783,1997.4214043404445,直连,
T004,巡航,1997.4214043404445,2017.1848915638104,直连,
T004,下降,2017.1848915638104,2035.3103169788496,直连,
T004,下降,2035.3103169788496,2053.4357423938886,直连,
T004,下降,2053.4357423938886,2071.5611678089276,直连,
T004,下降,2071.5611678089276,2089.686593223967,直连,
T004,下降,2089.686593223967,2107.812018639006,直连,
T005,爬升,360.0,379.8664866129558,直连,
T005,爬升,379.8664866129558,399.7329732259115,直连,
T005,爬升,399.7329732259115,419.59945983886723,直连,
T005,爬升,419.59945983886723,439.465946451823,直连,
T005,巡航,439.465946451823,458.4317239116678,直连,
T005,巡航,458.4317239116678,477.39750137151253,直连,
T005,巡航,477.39750137151253,496.3632788313573,直连,
T005,巡航,496.3632788313573,515.329056291202,直连,
T005,巡航,515.329056291202,534.2948337510468,直连,
T005,巡航,534.2948337510468,553.2606112108916,直连,
T005,巡航,553.2606112108916,572.2263886707364,直连,
T005,巡航,572.2263886707364,591.1921661305811,直连,
T005,巡航,591.1921661305811,610.1579435904259,直连,
T005,巡航,610.1579435904259,629.1237210502707,直连,
T005,巡航,629.1237210502707,648.0894985101154,直连,
T005,巡航,648.0894985101154,667.0552759699601,直连,
T005,巡航,667.0552759699601,686.021053429805,直连,
T005,巡航,686.021053429805,704.9868308896497,直连,
T005,下降,704.9868308896497,715.2463987607434,直连,
T005,下降,715.2463987607434,725.5059666318372,直连,
T005,投送,725.5059666318372,744.5968757227463,直连,
T005,投送,744.5968757227463,763.6877848136553,直连,
T005,投送,763.6877848136553,782.7786939045644,直连,
T005,投送,782.7786939045644,801.8696029954735,直连,
T005,投送,801.8696029954735,820.9605120863827,直连,
T005,投送,820.9605120863827,840.0514211772917,直连,
T005,投送,840.0514211772917,859.1423302682008,直连,
T005,投送,859.1423302682008,878.2332393591099,直连,
T005,投送,878.2332393591099,897.324148450019,直连,
T005,投送,897.324148450019,916.415057540928,直连,
T005,投送,916.415057540928,935.5059666318372,直连,
T005,爬升,935.5059666318372,952.6052464169934,直连,
T005,巡航,952.6052464169934,971.5710238768381,直连,
T005,巡航,971.5710238768381,990.536801336683,直连,
T005,巡航,990.536801336683,1009.5025787965277,直连,
T005,巡航,1009.5025787965277,1028.4683562563725,直连,
T005,巡航,1028.4683562563725,1047.4341337162173,直连,
T005,巡航,1047.4341337162173,1066.399911176062,直连,
T005,巡航,1066.399911176062,1085.3656886359067,直连,
T005,巡航,1085.3656886359067,1104.3314660957515,直连,
T005,巡航,1104.3314660957515,1123.2972435555962,直连,
T005,巡航,1123.2972435555962,1142.263021015441,直连,
T005,巡航,1142.263021015441,1161.2287984752859,直连,
T005,巡航,1161.2287984752859,1180.1945759351306,直连,
T005,巡航,1180.1945759351306,1199.1603533949753,直连,
T005,巡航,1199.1603533949753,1218.12613085482,直连,
T005,下降,1218.12613085482,1237.1979580032576,直连,
T005,下降,1237.1979580032576,1256.269785151695,直连,
T005,下降,1256.269785151695,1275.3416123001327,直连,
T005,下降,1275.3416123001327,1294.4134394485702,直连,
T005,下降,1294.4134394485702,1313.4852665970077,直连,
T006,爬升,360.00000000000006,379.0718271484376,直连,
T006,爬升,379.0718271484376,398.14365429687507,直连,
T006,爬升,398.14365429687507,417.2154814453126,直连,
T006,爬升,417.2154814453126,436.28730859375014,直连,
T006,爬升,436.28730859375014,455.3591357421876,直连,
T006,巡航,455.3591357421876,474.6697455194841,直连,
T006,巡航,474.6697455194841,493.9803552967806,直连,
T006,巡航,493.9803552967806,513.2909650740771,直连,
T006,巡航,513.2909650740771,532.6015748513736,直连,
T006,巡航,532.6015748513736,551.91218462867,直连,
T006,巡航,551.91218462867,571.2227944059665,直连,
T006,巡航,571.2227944059665,590.533404183263,直连,
T006,巡航,590.533404183263,609.8440139605596,直连,
T006,巡航,609.8440139605596,629.154623737856,直连,
T006,巡航,629.154623737856,648.4652335151525,直连,
T006,巡航,648.4652335151525,667.7758432924489,直连,
T006,下降,667.7758432924489,680.6003031313162,直连,
T006,下降,680.6003031313162,693.4247629701833,直连,
T006,投送,693.4247629701833,712.8093783547987,直连,
T006,投送,712.8093783547987,732.193993739414,直连,
T006,投送,732.193993739414,751.5786091240295,直连,
T006,投送,751.5786091240295,770.9632245086449,直连,
T006,投送,770.9632245086449,790.3478398932602,直连,
T006,投送,790.3478398932602,809.7324552778756,直连,
T006,投送,809.7324552778756,829.117070662491,直连,
T006,投送,829.117070662491,848.5016860471064,直连,
T006,投送,848.5016860471064,867.8863014317218,直连,
T006,投送,867.8863014317218,887.2709168163371,直连,
T006,投送,887.2709168163371,906.6555322009526,直连,
T006,投送,906.6555322009526,926.040147585568,直连,
T006,投送,926.040147585568,945.4247629701833,直连,
T006,爬升,945.4247629701833,955.6843308412771,直连,
T006,爬升,955.6843308412771,965.9438987123708,直连,
T006,巡航,965.9438987123708,985.2545084896673,直连,
T006,巡航,985.2545084896673,1004.5651182669639,直连,
T006,巡航,1004.5651182669639,1023.8757280442603,直连,
T006,巡航,1023.8757280442603,1043.186337821557,直连,
T006,巡航,1043.186337821557,1062.4969475988532,直连,
T006,巡航,1062.4969475988532,1081.8075573761498,直连,
T006,巡航,1081.8075573761498,1101.1181671534464,直连,
T006,巡航,1101.1181671534464,1120.4287769307427,直连,
T006,巡航,1120.4287769307427,1139.7393867080393,直连,
T006,巡航,1139.7393867080393,1159.0499964853357,直连,
T006,巡航,1159.0499964853357,1178.3606062626322,直连,
T006,下降,1178.3606062626322,1198.227092875588,直连,
T006,下降,1198.227092875588,1218.0935794885438,直连,
T006,下降,1218.0935794885438,1237.9600661014995,直连,
T006,下降,1237.9600661014995,1257.8265527144551,直连,
T006,下降,1257.8265527144551,1277.693039327411,直连,
T006,下降,1277.693039327411,1297.5595259403667,直连,
T007,爬升,362.0,377.10452117919925,直连,
T007,爬升,377.10452117919925,392.2090423583985,直连,
T007,爬升,392.2090423583985,407.31356353759776,直连,
T007,爬升,407.31356353759776,422.418084716797,直连,
T007,巡航,422.418084716797,442.3409549016418,直连,
T007,巡航,442.3409549016418,462.26382508648663,直连,
T007,巡航,462.26382508648663,482.1866952713314,直连,
T007,巡航,482.1866952713314,502.10956545617626,直连,
T007,巡航,502.10956545617626,522.032435641021,直连,
T007,巡航,522.032435641021,541.9553058258658,直连,
T007,巡航,541.9553058258658,561.8781760107107,直连,
T007,巡航,561.8781760107107,581.8010461955555,直连,
T007,巡航,581.8010461955555,601.7239163804003,直连,
T007,巡航,601.7239163804003,621.6467865652451,直连,
T007,巡航,621.6467865652451,641.56965675009,直连,
T007,巡航,641.56965675009,661.4925269349347,直连,
T007,巡航,661.4925269349347,681.4153971197795,直连,
T007,巡航,681.4153971197795,701.3382673046244,直连,
T007,巡航,701.3382673046244,721.2611374894691,直连,
T007,巡航,721.2611374894691,741.184007674314,直连,
T007,巡航,741.184007674314,761.1068778591588,中继,R002
T007,巡航,761.1068778591588,781.0297480440036,中继,R002
T007,巡航,781.0297480440036,800.9526182288483,中继,R002
T007,巡航,800.9526182288483,820.8754884136931,中继,R002
T007,巡航,820.8754884136931,840.798358598538,中继,R001
T007,巡航,840.798358598538,860.7212287833828,中继,R001
T007,巡航,860.7212287833828,880.6440989682276,中继,R002
T007,巡航,880.6440989682276,900.5669691530725,中继,R002
T007,巡航,900.5669691530725,920.4898393379171,中继,R002
T007,巡航,920.4898393379171,940.412709522762,中继,R002
T007,巡航,940.412709522762,960.3355797076068,中继,R002
T007,巡航,960.3355797076068,980.2584498924517,中继,R002
T007,巡航,980.2584498924517,1000.1813200772965,中继,R002
T007,巡航,1000.1813200772965,1020.1041902621413,中继,R002
T007,巡航,1020.1041902621413,1040.027060446986,中继,R002
T007,下降,1040.027060446986,1057.9179112770644,中继,R002
T007,下降,1057.9179112770644,1075.8087621071425,中继,R002
T007,投送,1075.8087621071425,1094.8996711980515,中继,R002
T007,投送,1094.8996711980515,1113.9905802889607,中继,R002
T007,投送,1113.9905802889607,1133.0814893798697,中继,R002
T007,投送,1133.0814893798697,1152.1723984707787,中继,R002
T007,投送,1152.1723984707787,1171.263307561688,中继,R002
T007,投送,1171.263307561688,1190.354216652597,中继,R002
T007,投送,1190.354216652597,1209.4451257435062,中继,R002
T007,投送,1209.4451257435062,1228.5360348344152,中继,R002
T007,投送,1228.5360348344152,1247.6269439253242,中继,R002
T007,投送,1247.6269439253242,1266.7178530162334,中继,R002
T007,投送,1266.7178530162334,1285.8087621071425,中继,R002
T007,爬升,1285.8087621071422,1300.7178044655407,中继,R002
T007,爬升,1300.7178044655407,1315.626846823939,中继,R002
T007,巡航,1315.626846823939,1335.549717008784,中继,R002
T007,巡航,1335.549717008784,1355.4725871936287,中继,R002
T007,巡航,1355.4725871936287,1375.3954573784736,中继,R002
T007,巡航,1375.3954573784736,1395.3183275633185,中继,R002
T007,巡航,1395.3183275633185,1415.2411977481631,中继,R002
T007,巡航,1415.2411977481631,1435.164067933008,中继,R002
T007,巡航,1435.164067933008,1455.086938117853,中继,R002
T007,巡航,1455.086938117853,1475.0098083026976,中继,R002
T007,巡航,1475.0098083026976,1494.9326784875425,中继,R002
T007,巡航,1494.9326784875425,1514.8555486723872,中继,R001
T007,巡航,1514.8555486723872,1534.778418857232,中继,R001
T007,巡航,1534.778418857232,1554.701289042077,中继,R002
T007,巡航,1554.701289042077,1574.6241592269216,中继,R002
T007,巡航,1574.6241592269216,1594.5470294117665,中继,R002
T007,巡航,1594.5470294117665,1614.4698995966114,中继,R002
T007,巡航,1614.4698995966114,1634.392769781456,直连,
T007,巡航,1634.392769781456,1654.315639966301,直连,
T007,巡航,1654.315639966301,1674.2385101511459,直连,
T007,巡航,1674.2385101511459,1694.1613803359905,直连,
T007,巡航,1694.1613803359905,1714.0842505208354,直连,
T007,巡航,1714.0842505208354,1734.0071207056803,直连,
T007,巡航,1734.0071207056803,1753.929990890525,直连,
T007,巡航,1753.929990890525,1773.85286107537,直连,
T007,巡航,1773.85286107537,1793.7757312602148,直连,
T007,巡航,1793.7757312602148,1813.6986014450595,直连,
T007,巡航,1813.6986014450595,1833.6214716299041,直连,
T007,巡航,1833.6214716299041,1853.544341814749,直连,
T007,巡航,1853.544341814749,1873.467211999594,直连,
T007,巡航,1873.467211999594,1893.3900821844388,直连,
T007,巡航,1893.3900821844388,1913.3129523692837,直连,
T007,巡航,1913.3129523692837,1933.2358225541284,直连,
T007,下降,1933.2358225541284,1951.3612479691674,直连,
T007,下降,1951.3612479691674,1969.4866733842066,直连,
T007,下降,1969.4866733842066,1987.6120987992458,直连,
T007,下降,1987.6120987992458,2005.7375242142848,直连,
T008,爬升,430.0,448.3921013726129,直连,
T008,爬升,448.3921013726129,466.78420274522574,直连,
T008,爬升,466.78420274522574,485.17630411783864,直连,
T008,巡航,485.17630411783864,504.1934668497458,直连,
T008,巡航,504.1934668497458,523.2106295816529,直连,
T008,巡航,523.2106295816529,542.22779231356,直连,
T008,巡航,542.22779231356,561.2449550454671,直连,
T008,巡航,561.2449550454671,580.2621177773743,直连,
T008,巡航,580.2621177773743,599.2792805092814,直连,
T008,巡航,599.2792805092814,618.2964432411886,直连,
T008,巡航,618.2964432411886,637.3136059730957,直连,
T008,巡航,637.3136059730957,656.3307687050028,直连,
T008,巡航,656.3307687050028,675.3479314369099,直连,
T008,巡航,675.3479314369099,694.3650941688171,直连,
T008,巡航,694.3650941688171,713.3822569007242,直连,
T008,巡航,713.3822569007242,732.3994196326314,直连,
T008,巡航,732.3994196326314,751.4165823645385,中继,R002
T008,巡航,751.4165823645385,770.4337450964456,中继,R002
T008,巡航,770.4337450964456,789.4509078283527,中继,R001
T008,巡航,789.4509078283527,808.4680705602599,中继,R001
T008,巡航,808.4680705602599,827.4852332921671,中继,R001
T008,巡航,827.4852332921671,846.5023960240742,中继,R001
T008,巡航,846.5023960240742,865.5195587559813,中继,R001
T008,下降,865.5195587559813,878.1653412266844,中继,R001
T008,下降,878.1653412266844,890.8111236973876,中继,R001
T008,投送,890.8111236973876,909.2726621589261,中继,R001
T008,投送,909.2726621589261,927.7342006204645,中继,R001
T008,投送,927.7342006204645,946.195739082003,中继,R001
T008,投送,946.195739082003,964.6572775435416,中继,R001
T008,投送,964.6572775435416,983.11881600508,中继,R001
T008,投送,983.11881600508,1001.5803544666185,中继,R001
T008,投送,1001.5803544666185,1020.0418929281569,中继,R001
T008,投送,1020.0418929281569,1038.5034313896954,中继,R001
T008,投送,1038.5034313896954,1056.964969851234,中继,R001
T008,投送,1056.964969851234,1075.4265083127723,中继,R001
T008,投送,1075.4265083127723,1093.8880467743109,中继,R001
T008,投送,1093.8880467743109,1112.3495852358492,中继,R001
T008,投送,1112.3495852358492,1130.8111236973878,中继,R001
T008,爬升,1130.8111236973878,1141.3492757563072,中继,R001
T008,爬升,1141.3492757563072,1151.8874278152264,中继,R001
T008,巡航,1151.8874278152264,1170.9045905471335,中继,R001
T008,巡航,1170.9045905471335,1189.9217532790406,中继,R001
T008,巡航,1189.9217532790406,1208.9389160109479,中继,R001
T008,巡航,1208.9389160109479,1227.956078742855,中继,R001
T008,巡航,1227.956078742855,1246.973241474762,中继,R001
T008,巡航,1246.973241474762,1265.9904042066692,中继,R002
T008,巡航,1265.9904042066692,1285.0075669385762,中继,R002
T008,巡航,1285.0075669385762,1304.0247296704836,直连,
T008,巡航,1304.0247296704836,1323.0418924023907,直连,
T008,巡航,1323.0418924023907,1342.0590551342978,直连,
T008,巡航,1342.0590551342978,1361.0762178662048,直连,
T008,巡航,1361.0762178662048,1380.093380598112,直连,
T008,巡航,1380.093380598112,1399.1105433300193,直连,
T008,巡航,1399.1105433300193,1418.1277060619263,直连,
T008,巡航,1418.1277060619263,1437.1448687938334,直连,
T008,巡航,1437.1448687938334,1456.1620315257405,直连,
T008,巡航,1456.1620315257405,1475.1791942576479,直连,
T008,巡航,1475.1791942576479,1494.1963569895547,直连,
T008,巡航,1494.1963569895547,1513.213519721462,直连,
T008,巡航,1513.213519721462,1532.2306824533691,直连,
T008,下降,1532.2306824533691,1548.7835736887207,直连,
T008,下降,1548.7835736887207,1565.3364649240723,直连,
T008,下降,1565.3364649240723,1581.8893561594239,直连,
T008,下降,1581.8893561594239,1598.4422473947754,直连,
T009,爬升,1613.0,1629.1507344563802,直连,
T009,爬升,1629.1507344563802,1645.3014689127604,直连,
T009,爬升,1645.3014689127604,1661.4522033691405,直连,
T009,巡航,1661.4522033691405,1681.0290540270923,直连,
T009,巡航,1681.0290540270923,1700.6059046850442,直连,
T009,巡航,1700.6059046850442,1720.182755342996,直连,
T009,巡航,1720.182755342996,1739.7596060009478,直连,
T009,巡航,1739.7596060009478,1759.3364566588996,直连,
T009,巡航,1759.3364566588996,1778.9133073168514,直连,
T009,巡航,1778.9133073168514,1798.4901579748032,直连,
T009,巡航,1798.4901579748032,1818.067008632755,直连,
T009,巡航,1818.067008632755,1837.6438592907068,直连,
T009,巡航,1837.6438592907068,1857.2207099486586,直连,
T009,巡航,1857.2207099486586,1876.7975606066102,直连,
T009,巡航,1876.7975606066102,1896.3744112645622,直连,
T009,巡航,1896.3744112645622,1915.9512619225138,直连,
T009,下降,1915.9512619225138,1933.7625839439984,直连,
T009,下降,1933.7625839439984,1951.5739059654827,直连,
T009,投送,1951.5739059654827,1971.5739059654827,直连,
T009,投送,1971.5739059654827,1991.5739059654827,直连,
T009,投送,1991.5739059654827,2011.5739059654827,直连,
T009,投送,2011.5739059654827,2031.5739059654827,直连,
T009,投送,2031.5739059654827,2051.5739059654825,直连,
T009,投送,2051.5739059654825,2071.5739059654825,直连,
T009,投送,2071.5739059654825,2091.5739059654825,直连,
T009,投送,2091.5739059654825,2111.5739059654825,直连,
T009,投送,2111.5739059654825,2131.5739059654825,直连,
T009,投送,2131.5739059654825,2151.5739059654825,直连,
T009,投送,2151.5739059654825,2171.5739059654825,直连,
T009,投送,2171.5739059654825,2191.5739059654825,直连,
T009,爬升,2191.5739059654825,2206.4166743167198,直连,
T009,爬升,2206.4166743167198,2221.2594426679566,直连,
T009,巡航,2221.2594426679566,2240.8362933259086,直连,
T009,巡航,2240.8362933259086,2260.41314398386,直连,
T009,巡航,2260.41314398386,2279.989994641812,直连,
T009,巡航,2279.989994641812,2299.566845299764,直连,
T009,巡航,2299.566845299764,2319.143695957716,直连,
T009,巡航,2319.143695957716,2338.7205466156674,直连,
T009,巡航,2338.7205466156674,2358.297397273619,直连,
T009,巡航,2358.297397273619,2377.874247931571,直连,
T009,巡航,2377.874247931571,2397.451098589523,直连,
T009,巡航,2397.451098589523,2417.0279492474747,直连,
T009,巡航,2417.0279492474747,2436.6047999054263,直连,
T009,巡航,2436.6047999054263,2456.1816505633783,直连,
T009,巡航,2456.1816505633783,2475.7585012213303,直连,
T009,下降,2475.7585012213303,2495.1393825689865,直连,
T009,下降,2495.1393825689865,2514.5202639166428,直连,
T009,下降,2514.5202639166428,2533.901145264299,直连,
T010,爬升,1778.0,1797.3808813476562,直连,
T010,爬升,1797.3808813476562,1816.7617626953124,直连,
T010,爬升,1816.7617626953124,1836.1426440429686,直连,
T010,巡航,1836.1426440429686,1854.651666483214,直连,
T010,巡航,1854.651666483214,1873.1606889234595,直连,
T010,巡航,1873.1606889234595,1891.6697113637047,直连,
T010,巡航,1891.6697113637047,1910.17873380395,直连,
T010,巡航,1910.17873380395,1928.6877562441955,直连,
T010,巡航,1928.6877562441955,1947.1967786844407,直连,
T010,巡航,1947.1967786844407,1965.705801124686,直连,
T010,巡航,1965.705801124686,1984.2148235649315,直连,
T010,巡航,1984.2148235649315,2002.7238460051767,直连,
T010,巡航,2002.7238460051767,2021.2328684454221,直连,
T010,巡航,2021.2328684454221,2039.7418908856675,直连,
T010,下降,2039.7418908856675,2054.5846592369044,直连,
T010,下降,2054.5846592369044,2069.4274275881417,直连,
T010,下降,2069.4274275881417,2084.2701959393785,直连,
T010,投送,2084.2701959393785,2104.070195939378,直连,
T010,投送,2104.070195939378,2123.8701959393784,直连,
T010,投送,2123.8701959393784,2143.6701959393786,直连,
T010,投送,2143.6701959393786,2163.4701959393783,直连,
T010,投送,2163.4701959393783,2183.2701959393785,直连,
T010,投送,2183.2701959393785,2203.070195939378,直连,
T010,投送,2203.070195939378,2222.8701959393784,直连,
T010,投送,2222.8701959393784,2242.6701959393786,直连,
T010,投送,2242.6701959393786,2262.4701959393783,直连,
T010,投送,2262.4701959393783,2282.2701959393785,直连,
T010,投送,2282.2701959393785,2302.070195939378,直连,
T010,投送,2302.070195939378,2321.8701959393784,直连,
T010,投送,2321.8701959393784,2341.6701959393786,直连,
T010,投送,2341.6701959393786,2361.4701959393788,直连,
T010,投送,2361.4701959393788,2381.2701959393785,直连,
T010,投送,2381.2701959393785,2401.070195939378,直连,
T010,投送,2401.070195939378,2420.8701959393784,直连,
T010,投送,2420.8701959393784,2440.6701959393786,直连,
T010,投送,2440.6701959393786,2460.4701959393788,直连,
T010,投送,2460.4701959393788,2480.2701959393785,直连,
T010,爬升,2480.2701959393785,2498.0815179608626,直连,
T010,爬升,2498.0815179608626,2515.892839982347,直连,
T010,巡航,2515.892839982347,2534.401862422593,直连,
T010,巡航,2534.401862422593,2552.9108848628375,直连,
T010,巡航,2552.9108848628375,2571.419907303083,直连,
T010,巡航,2571.419907303083,2589.928929743329,直连,
T010,巡航,2589.928929743329,2608.4379521835735,直连,
T010,巡航,2608.4379521835735,2626.946974623819,直连,
T010,巡航,2626.946974623819,2645.4559970640644,直连,
T010,巡航,2645.4559970640644,2663.9650195043096,直连,
T010,巡航,2663.9650195043096,2682.474041944555,直连,
T010,巡航,2682.474041944555,2700.9830643848004,直连,
T010,巡航,2700.9830643848004,2719.4920868250456,直连,
T010,下降,2719.4920868250456,2737.6616630884737,直连,
T010,下降,2737.6616630884737,2755.8312393519013,直连,
T010,下降,2755.8312393519013,2774.000815615329,直连,
T010,下降,2774.000815615329,2792.170391878757,直连,
T011,爬升,2522.0,2541.3436411539715,直连,
T011,爬升,2541.3436411539715,2560.687282307943,直连,
T011,爬升,2560.687282307943,2580.030923461914,直连,
T011,爬升,2580.030923461914,2599.3745646158854,直连,
T011,爬升,2599.3745646158854,2618.718205769857,直连,
T011,爬升,2618.718205769857,2638.0618469238284,直连,
T011,爬升,2638.0618469238284,2657.4054880777994,直连,
T011,爬升,2657.4054880777994,2676.749129231771,直连,
T011,巡航,2676.749129231771,2695.7651650036805,直连,
T011,巡航,2695.7651650036805,2714.78120077559,直连,
T011,巡航,2714.78120077559,2733.7972365475,直连,
T011,巡航,2733.7972365475,2752.81327231941,直连,
T011,巡航,2752.81327231941,2771.8293080913195,直连,
T011,巡航,2771.8293080913195,2790.845343863229,直连,
T011,巡航,2790.845343863229,2809.8613796351387,直连,
T011,巡航,2809.8613796351387,2828.8774154070484,直连,
T011,巡航,2828.8774154070484,2847.893451178958,直连,
T011,巡航,2847.893451178958,2866.909486950868,直连,
T011,巡航,2866.909486950868,2885.9255227227777,直连,
T011,巡航,2885.9255227227777,2904.9415584946873,直连,
T011,巡航,2904.9415584946873,2923.957594266597,直连,
T011,巡航,2923.957594266597,2942.9736300385066,中继,R003
T011,巡航,2942.9736300385066,2961.989665810416,中继,R003
T011,巡航,2961.989665810416,2981.005701582326,中继,R003
T011,巡航,2981.005701582326,3000.0217373542355,中继,R003
T011,巡航,3000.0217373542355,3019.037773126145,中继,R003
T011,巡航,3019.037773126145,3038.0538088980547,中继,R003
T011,下降,3038.0538088980547,3057.32959991368,中继,R003
T011,下降,3057.32959991368,3076.605390929305,中继,R003
T011,下降,3076.605390929305,3095.8811819449297,中继,R003
T011,下降,3095.8811819449297,3115.156972960555,中继,R003
T011,下降,3115.156972960555,3134.4327639761796,中继,R003
T011,投送,3134.4327639761796,3154.4327639761796,中继,R003
T011,投送,3154.4327639761796,3174.4327639761796,中继,R003
T011,投送,3174.4327639761796,3194.4327639761796,中继,R003
T011,投送,3194.4327639761796,3214.4327639761796,中继,R003
T011,投送,3214.4327639761796,3234.4327639761796,中继,R003
T011,投送,3234.4327639761796,3254.4327639761796,中继,R003
T011,投送,3254.4327639761796,3274.4327639761796,中继,R003
T011,投送,3274.4327639761796,3294.4327639761796,中继,R003
T011,投送,3294.4327639761796,3314.4327639761796,中继,R003
T011,投送,3314.4327639761796,3334.4327639761796,中继,R003
T011,投送,3334.4327639761796,3354.4327639761796,中继,R003
T011,投送,3354.4327639761796,3374.4327639761796,中继,R003
T011,爬升,3374.4327639761796,3390.4959231558673,中继,R003
T011,爬升,3390.4959231558673,3406.5590823355546,中继,R003
T011,爬升,3406.5590823355546,3422.6222415152424,中继,R003
T011,爬升,3422.6222415152424,3438.6854006949297,中继,R003
T011,爬升,3438.6854006949297,3454.748559874617,中继,R003
T011,巡航,3454.748559874617,3473.7645956465267,中继,R003
T011,巡航,3473.7645956465267,3492.7806314184363,中继,R003
T011,巡航,3492.7806314184363,3511.796667190346,中继,R003
T011,巡航,3511.796667190346,3530.8127029622556,中继,R003
T011,巡航,3530.8127029622556,3549.828738734165,中继,R003
T011,巡航,3549.828738734165,3568.8447745060753,中继,R003
T011,巡航,3568.8447745060753,3587.860810277985,直连,
T011,巡航,3587.860810277985,3606.8768460498945,直连,
T011,巡航,3606.8768460498945,3625.892881821804,直连,
T011,巡航,3625.892881821804,3644.9089175937142,直连,
T011,巡航,3644.9089175937142,3663.924953365624,直连,
T011,巡航,3663.924953365624,3682.9409891375335,直连,
T011,巡航,3682.9409891375335,3701.957024909443,直连,
T011,巡航,3701.957024909443,3720.9730606813528,直连,
T011,巡航,3720.9730606813528,3739.9890964532624,直连,
T011,巡航,3739.9890964532624,3759.005132225172,直连,
T011,巡航,3759.005132225172,3778.0211679970816,直连,
T011,巡航,3778.0211679970816,3797.0372037689913,直连,
T011,巡航,3797.0372037689913,3816.053239540901,直连,
T011,下降,3816.053239540901,3834.6231350487137,直连,
T011,下降,3834.6231350487137,3853.193030556526,直连,
T011,下降,3853.193030556526,3871.762926064339,直连,
T011,下降,3871.762926064339,3890.3328215721513,直连,
T011,下降,3890.3328215721513,3908.9027170799636,直连,
T011,下降,3908.9027170799636,3927.472612587776,直连,
T011,下降,3927.472612587776,3946.042508095589,直连,
T011,下降,3946.042508095589,3964.6124036034016,直连,
T011,下降,3964.6124036034016,3983.182299111214,直连,
T011,下降,3983.182299111214,4001.7521946190263,直连,
T012,爬升,2586.0,2604.098788248698,直连,
T012,爬升,2604.098788248698,2622.197576497396,直连,
T012,爬升,2622.197576497396,2640.296364746094,直连,
T012,爬升,2640.296364746094,2658.3951529947917,直连,
T012,爬升,2658.3951529947917,2676.4939412434896,直连,
T012,巡航,2676.4939412434896,2695.5105178754957,直连,
T012,巡航,2695.5105178754957,2714.5270945075013,直连,
T012,巡航,2714.5270945075013,2733.5436711395073,直连,
T012,巡航,2733.5436711395073,2752.560247771513,直连,
T012,巡航,2752.560247771513,2771.576824403519,直连,
T012,巡航,2771.576824403519,2790.593401035525,直连,
T012,巡航,2790.593401035525,2809.6099776675305,直连,
T012,巡航,2809.6099776675305,2828.6265542995366,直连,
T012,巡航,2828.6265542995366,2847.643130931542,直连,
T012,巡航,2847.643130931542,2866.659707563548,直连,
T012,巡航,2866.659707563548,2885.676284195554,直连,
T012,巡航,2885.676284195554,2904.69286082756,直连,
T012,巡航,2904.69286082756,2923.709437459566,直连,
T012,巡航,2923.709437459566,2942.7260140915714,中继,R003
T012,巡航,2942.7260140915714,2961.7425907235775,中继,R003
T012,巡航,2961.7425907235775,2980.7591673555835,中继,R003
T012,巡航,2980.7591673555835,2999.775743987589,中继,R003
T012,下降,2999.775743987589,3018.7684734797767,中继,R003
T012,投送,3018.7684734797767,3038.7684734797767,中继,R003
T012,投送,3038.7684734797767,3058.7684734797767,中继,R003
T012,投送,3058.7684734797767,3078.7684734797767,中继,R003
T012,投送,3078.7684734797767,3098.7684734797767,中继,R003
T012,投送,3098.7684734797767,3118.7684734797767,中继,R003
T012,投送,3118.7684734797767,3138.7684734797767,中继,R003
T012,投送,3138.7684734797767,3158.7684734797767,中继,R003
T012,投送,3158.7684734797767,3178.7684734797767,中继,R003
T012,投送,3178.7684734797767,3198.7684734797767,中继,R003
T012,投送,3198.7684734797767,3218.7684734797767,中继,R003
T012,投送,3218.7684734797767,3238.7684734797767,中继,R003
T012,投送,3238.7684734797767,3258.7684734797767,中继,R003
T012,爬升,3258.7684734797767,3274.5957480565994,中继,R003
T012,巡航,3274.5957480565994,3293.6123246886054,中继,R003
T012,巡航,3293.6123246886054,3312.628901320611,中继,R003
T012,巡航,3312.628901320611,3331.645477952617,中继,R003
T012,巡航,3331.645477952617,3350.6620545846226,中继,R003
T012,巡航,3350.6620545846226,3369.6786312166287,直连,
T012,巡航,3369.6786312166287,3388.6952078486347,直连,
T012,巡航,3388.6952078486347,3407.7117844806403,直连,
T012,巡航,3407.7117844806403,3426.728361112646,直连,
T012,巡航,3426.728361112646,3445.744937744652,直连,
T012,巡航,3445.744937744652,3464.761514376658,直连,
T012,巡航,3464.761514376658,3483.778091008664,直连,
T012,巡航,3483.778091008664,3502.7946676406696,直连,
T012,巡航,3502.7946676406696,3521.811244272675,直连,
T012,巡航,3521.811244272675,3540.827820904681,直连,
T012,巡航,3540.827820904681,3559.844397536687,直连,
T012,巡航,3559.844397536687,3578.8609741686932,直连,
T012,巡航,3578.8609741686932,3597.877550800699,直连,
T012,下降,3597.877550800699,3615.9763390493968,直连,
T012,下降,3615.9763390493968,3634.0751272980947,直连,
T012,下降,3634.0751272980947,3652.1739155467926,直连,
T012,下降,3652.1739155467926,3670.2727037954905,直连,
T012,下降,3670.2727037954905,3688.3714920441885,直连,
T012,下降,3688.3714920441885,3706.4702802928864,直连,
T013,爬升,2736.0,2755.293517252604,直连,
T013,爬升,2755.293517252604,2774.587034505208,直连,
T013,爬升,2774.587034505208,2793.8805517578126,直连,
T013,爬升,2793.8805517578126,2813.1740690104166,直连,
T013,爬升,2813.1740690104166,2832.4675862630206,直连,
T013,爬升,2832.4675862630206,2851.761103515625,直连,
T013,爬升,2851.761103515625,2871.054620768229,直连,
T013,爬升,2871.054620768229,2890.348138020833,直连,
T013,爬升,2890.348138020833,2909.641655273437,直连,
T013,巡航,2909.641655273437,2929.0105291855734,直连,
T013,巡航,2929.0105291855734,2948.3794030977097,直连,
T013,巡航,2948.3794030977097,2967.748277009846,直连,
T013,巡航,2967.748277009846,2987.117150921982,直连,
T013,巡航,2987.117150921982,3006.4860248341183,直连,
T013,巡航,3006.4860248341183,3025.854898746254,直连,
T013,巡航,3025.854898746254,3045.2237726583903,直连,
T013,巡航,3045.2237726583903,3064.5926465705265,直连,
T013,巡航,3064.5926465705265,3083.9615204826628,直连,
T013,巡航,3083.9615204826628,3103.3303943947985,直连,
T013,巡航,3103.3303943947985,3122.6992683069348,直连,
T013,巡航,3122.6992683069348,3142.068142219071,直连,
T013,巡航,3142.068142219071,3161.437016131207,直连,
T013,巡航,3161.437016131207,3180.8058900433434,中继,R004
T013,巡航,3180.8058900433434,3200.1747639554796,中继,R004
T013,巡航,3200.1747639554796,3219.5436378676154,中继,R004
T013,巡航,3219.5436378676154,3238.9125117797516,中继,R004
T013,巡航,3238.9125117797516,3258.281385691888,中继,R004
T013,巡航,3258.281385691888,3277.650259604024,中继,R004
T013,巡航,3277.650259604024,3297.01913351616,中继,R004
T013,巡航,3297.01913351616,3316.388007428296,中继,R004
T013,巡航,3316.388007428296,3335.7568813404323,中继,R004
T013,巡航,3335.7568813404323,3355.1257552525685,中继,R004
T013,巡航,3355.1257552525685,3374.4946291647047,中继,R004
T013,巡航,3374.4946291647047,3393.863503076841,中继,R004
T013,下降,3393.863503076841,3412.472181258807,中继,R004
T013,下降,3412.472181258807,3431.080859440773,中继,R004
T013,下降,3431.080859440773,3449.6895376227394,中继,R004
T013,下降,3449.6895376227394,3468.2982158047053,中继,R004
T013,下降,3468.2982158047053,3486.9068939866715,中继,R004
T013,下降,3486.9068939866715,3505.515572168638,中继,R004
T013,投送,3505.515572168638,3525.315572168638,中继,R004
T013,投送,3525.315572168638,3545.1155721686378,中继,R004
T013,投送,3545.1155721686378,3564.915572168638,中继,R004
T013,投送,3564.915572168638,3584.7155721686377,中继,R004
T013,投送,3584.7155721686377,3604.515572168638,中继,R004
T013,投送,3604.515572168638,3624.315572168638,中继,R004
T013,投送,3624.315572168638,3644.1155721686378,中继,R004
T013,投送,3644.1155721686378,3663.915572168638,中继,R004
T013,投送,3663.915572168638,3683.7155721686377,中继,R004
T013,投送,3683.7155721686377,3703.515572168638,中继,R004
T013,投送,3703.515572168638,3723.315572168638,中继,R004
T013,投送,3723.315572168638,3743.1155721686378,中继,R004
T013,投送,3743.1155721686378,3762.915572168638,中继,R004
T013,投送,3762.915572168638,3782.7155721686377,中继,R004
T013,投送,3782.7155721686377,3802.515572168638,中继,R004
T013,投送,3802.515572168638,3822.315572168638,中继,R004
T013,投送,3822.315572168638,3842.1155721686378,中继,R004
T013,投送,3842.1155721686378,3861.915572168638,中继,R004
T013,投送,3861.915572168638,3881.7155721686377,中继,R004
T013,投送,3881.7155721686377,3901.515572168638,中继,R004
T013,爬升,3901.515572168638,3919.3799032233255,中继,R004
T013,爬升,3919.3799032233255,3937.2442342780128,中继,R004
T013,爬升,3937.2442342780128,3955.1085653327004,中继,R004
T013,爬升,3955.1085653327004,3972.9728963873877,中继,R004
T013,爬升,3972.9728963873877,3990.8372274420753,中继,R004
T013,巡航,3990.8372274420753,4010.2061013542116,中继,R004
T013,巡航,4010.2061013542116,4029.574975266348,中继,R004
T013,巡航,4029.574975266348,4048.943849178484,中继,R004
T013,巡航,4048.943849178484,4068.31272309062,中继,R004
T013,巡航,4068.31272309062,4087.681597002756,中继,R004
T013,巡航,4087.681597002756,4107.050470914892,中继,R004
T013,巡航,4107.050470914892,4126.419344827028,中继,R004
T013,巡航,4126.419344827028,4145.788218739164,中继,R004
T013,巡航,4145.788218739164,4165.1570926513,中继,R004
T013,巡航,4165.1570926513,4184.525966563437,中继,R004
T013,巡航,4184.525966563437,4203.894840475573,中继,R004
T013,巡航,4203.894840475573,4223.263714387709,中继,R004
T013,巡航,4223.263714387709,4242.632588299845,直连,
T013,巡航,4242.632588299845,4262.001462211982,直连,
T013,巡航,4262.001462211982,4281.370336124117,直连,
T013,巡航,4281.370336124117,4300.739210036254,直连,
T013,巡航,4300.739210036254,4320.108083948389,直连,
T013,巡航,4320.108083948389,4339.4769578605255,直连,
T013,巡航,4339.4769578605255,4358.845831772662,直连,
T013,巡航,4358.845831772662,4378.214705684798,直连,
T013,巡航,4378.214705684798,4397.583579596934,直连,
T013,巡航,4397.583579596934,4416.95245350907,直连,
T013,巡航,4416.95245350907,4436.321327421207,直连,
T013,巡航,4436.321327421207,4455.690201333342,直连,
T013,巡航,4455.690201333342,4475.059075245479,直连,
T013,下降,4475.059075245479,4494.791081526551,直连,
T013,下降,4494.791081526551,4514.523087807624,直连,
T013,下降,4514.523087807624,4534.255094088696,直连,
T013,下降,4534.255094088696,4553.987100369768,直连,
T013,下降,4553.987100369768,4573.71910665084,直连,
T013,下降,4573.71910665084,4593.4511129319135,直连,
T013,下降,4593.4511129319135,4613.183119212986,直连,
T013,下降,4613.183119212986,4632.915125494059,直连,
T013,下降,4632.915125494059,4652.647131775131,直连,
T013,下降,4652.647131775131,4672.379138056203,直连,
T013,下降,4672.379138056203,4692.111144337276,直连,
T014,爬升,2684.0,2701.107585313585,直连,
T014,爬升,2701.107585313585,2718.21517062717,直连,
T014,爬升,2718.21517062717,2735.322755940755,直连,
T014,爬升,2735.322755940755,2752.4303412543404,直连,
T014,爬升,2752.4303412543404,2769.5379265679253,直连,
T014,爬升,2769.5379265679253,2786.64551188151,直连,
T014,巡航,2786.64551188151,2806.5808238659233,直连,
T014,巡航,2806.5808238659233,2826.5161358503365,直连,
T014,巡航,2826.5161358503365,2846.45144783475,直连,
T014,巡航,2846.45144783475,2866.3867598191628,直连,
T014,巡航,2866.3867598191628,2886.3220718035764,直连,
T014,巡航,2886.3220718035764,2906.257383787989,直连,
T014,巡航,2906.257383787989,2926.1926957724027,直连,
T014,巡航,2926.1926957724027,2946.128007756816,直连,
T014,巡航,2946.128007756816,2966.063319741229,直连,
T014,巡航,2966.063319741229,2985.998631725642,直连,
T014,巡航,2985.998631725642,3005.9339437100552,直连,
T014,巡航,3005.9339437100552,3025.8692556944684,直连,
T014,巡航,3025.8692556944684,3045.8045676788815,直连,
T014,巡航,3045.8045676788815,3065.7398796632947,直连,
T014,巡航,3065.7398796632947,3085.675191647708,直连,
T014,巡航,3085.675191647708,3105.610503632121,直连,
T014,巡航,3105.610503632121,3125.545815616534,中继,R003
T014,巡航,3125.545815616534,3145.4811276009473,中继,R003
T014,巡航,3145.4811276009473,3165.4164395853604,中继,R003
T014,巡航,3165.4164395853604,3185.3517515697736,中继,R003
T014,下降,3185.3517515697736,3202.15905869868,中继,R003
T014,下降,3202.15905869868,3218.9663658275863,中继,R003
T014,投送,3218.9663658275863,3238.0572749184953,中继,R003
T014,投送,3238.0572749184953,3257.1481840094043,中继,R003
T014,投送,3257.1481840094043,3276.2390931003133,中继,R003
T014,投送,3276.2390931003133,3295.330002191223,中继,R003
T014,投送,3295.330002191223,3314.420911282132,中继,R003
T014,投送,3314.420911282132,3333.511820373041,中继,R003
T014,投送,3333.511820373041,3352.60272946395,中继,R003
T014,投送,3352.60272946395,3371.693638554859,中继,R003
T014,投送,3371.693638554859,3390.784547645768,中继,R003
T014,投送,3390.784547645768,3409.8754567366773,中继,R003
T014,投送,3409.8754567366773,3428.9663658275863,中继,R003
T014,爬升,3428.9663658275863,3442.9724551016748,中继,R003
T014,爬升,3442.9724551016748,3456.9785443757632,中继,R003
T014,巡航,3456.9785443757632,3476.9138563601764,中继,R003
T014,巡航,3476.9138563601764,3496.8491683445895,中继,R003
T014,巡航,3496.8491683445895,3516.7844803290027,中继,R003
T014,巡航,3516.7844803290027,3536.719792313416,中继,R003
T014,巡航,3536.719792313416,3556.655104297829,直连,
T014,巡航,3556.655104297829,3576.5904162822426,直连,
T014,巡航,3576.5904162822426,3596.5257282666553,直连,
T014,巡航,3596.5257282666553,3616.461040251069,直连,
T014,巡航,3616.461040251069,3636.3963522354816,直连,
T014,巡航,3636.3963522354816,3656.331664219895,直连,
T014,巡航,3656.331664219895,3676.266976204308,直连,
T014,巡航,3676.266976204308,3696.2022881887215,直连,
T014,巡航,3696.2022881887215,3716.137600173134,直连,
T014,巡航,3716.137600173134,3736.0729121575478,直连,
T014,巡航,3736.0729121575478,3756.008224141961,直连,
T014,巡航,3756.008224141961,3775.943536126374,直连,
T014,巡航,3775.943536126374,3795.878848110787,直连,
T014,巡航,3795.878848110787,3815.8141600952004,直连,
T014,巡航,3815.8141600952004,3835.7494720796135,直连,
T014,巡航,3835.7494720796135,3855.6847840640266,直连,
T014,下降,3855.6847840640266,3873.281157529428,直连,
T014,下降,3873.281157529428,3890.8775309948305,直连,
T014,下降,3890.8775309948305,3908.473904460232,直连,
T014,下降,3908.473904460232,3926.0702779256335,直连,
T014,下降,3926.0702779256335,3943.6666513910354,直连,
T014,下降,3943.6666513910354,3961.2630248564374,直连,
T014,下降,3961.2630248564374,3978.859398321839,直连,
T015,爬升,2684.0,2701.107585313585,直连,
T015,爬升,2701.107585313585,2718.21517062717,直连,
T015,爬升,2718.21517062717,2735.322755940755,直连,
T015,爬升,2735.322755940755,2752.4303412543404,直连,
T015,爬升,2752.4303412543404,2769.5379265679253,直连,
T015,爬升,2769.5379265679253,2786.64551188151,直连,
T015,巡航,2786.64551188151,2806.5808238659233,直连,
T015,巡航,2806.5808238659233,2826.5161358503365,直连,
T015,巡航,2826.5161358503365,2846.45144783475,直连,
T015,巡航,2846.45144783475,2866.3867598191628,直连,
T015,巡航,2866.3867598191628,2886.3220718035764,直连,
T015,巡航,2886.3220718035764,2906.257383787989,直连,
T015,巡航,2906.257383787989,2926.1926957724027,直连,
T015,巡航,2926.1926957724027,2946.128007756816,直连,
T015,巡航,2946.128007756816,2966.063319741229,直连,
T015,巡航,2966.063319741229,2985.998631725642,直连,
T015,巡航,2985.998631725642,3005.9339437100552,直连,
T015,巡航,3005.9339437100552,3025.8692556944684,直连,
T015,巡航,3025.8692556944684,3045.8045676788815,直连,
T015,巡航,3045.8045676788815,3065.7398796632947,直连,
T015,巡航,3065.7398796632947,3085.675191647708,直连,
T015,巡航,3085.675191647708,3105.610503632121,直连,
T015,巡航,3105.610503632121,3125.545815616534,中继,R003
T015,巡航,3125.545815616534,3145.4811276009473,中继,R003
T015,巡航,3145.4811276009473,3165.4164395853604,中继,R003
T015,巡航,3165.4164395853604,3185.3517515697736,中继,R003
T015,下降,3185.3517515697736,3202.15905869868,中继,R003
T015,下降,3202.15905869868,3218.9663658275863,中继,R003
T015,投送,3218.9663658275863,3236.9663658275863,中继,R003
T015,投送,3236.9663658275863,3254.9663658275863,中继,R003
T015,投送,3254.9663658275863,3272.9663658275863,中继,R003
T015,投送,3272.9663658275863,3290.9663658275863,中继,R003
T015,投送,3290.9663658275863,3308.9663658275863,中继,R003
T015,投送,3308.9663658275863,3326.9663658275863,中继,R003
T015,投送,3326.9663658275863,3344.9663658275863,中继,R003
T015,投送,3344.9663658275863,3362.9663658275863,中继,R003
T015,投送,3362.9663658275863,3380.9663658275863,中继,R003
T015,投送,3380.9663658275863,3398.9663658275863,中继,R003
T015,爬升,3398.9663658275863,3412.9724551016748,中继,R003
T015,爬升,3412.9724551016748,3426.9785443757632,中继,R003
T015,巡航,3426.9785443757632,3446.9138563601764,中继,R003
T015,巡航,3446.9138563601764,3466.8491683445895,中继,R003
T015,巡航,3466.8491683445895,3486.7844803290027,中继,R003
T015,巡航,3486.7844803290027,3506.719792313416,中继,R003
T015,巡航,3506.719792313416,3526.655104297829,直连,
T015,巡航,3526.655104297829,3546.5904162822426,直连,
T015,巡航,3546.5904162822426,3566.5257282666553,直连,
T015,巡航,3566.5257282666553,3586.461040251069,直连,
T015,巡航,3586.461040251069,3606.3963522354816,直连,
T015,巡航,3606.3963522354816,3626.331664219895,直连,
T015,巡航,3626.331664219895,3646.266976204308,直连,
T015,巡航,3646.266976204308,3666.2022881887215,直连,
T015,巡航,3666.2022881887215,3686.137600173134,直连,
T015,巡航,3686.137600173134,3706.0729121575478,直连,
T015,巡航,3706.0729121575478,3726.008224141961,直连,
T015,巡航,3726.008224141961,3745.943536126374,直连,
T015,巡航,3745.943536126374,3765.878848110787,直连,
T015,巡航,3765.878848110787,3785.8141600952004,直连,
T015,巡航,3785.8141600952004,3805.7494720796135,直连,
T015,巡航,3805.7494720796135,3825.6847840640266,直连,
T015,下降,3825.6847840640266,3843.281157529428,直连,
T015,下降,3843.281157529428,3860.8775309948305,直连,
T015,下降,3860.8775309948305,3878.473904460232,直连,
T015,下降,3878.473904460232,3896.0702779256335,直连,
T015,下降,3896.0702779256335,3913.6666513910354,直连,
T015,下降,3913.6666513910354,3931.2630248564374,直连,
T015,下降,3931.2630248564374,3948.859398321839,直连,
T016,爬升,2714.0,2732.2987226213727,直连,
T016,爬升,2732.2987226213727,2750.5974452427454,直连,
T016,爬升,2750.5974452427454,2768.896167864118,直连,
T016,爬升,2768.896167864118,2787.194890485491,直连,
T016,爬升,2787.194890485491,2805.493613106864,直连,
T016,爬升,2805.493613106864,2823.7923357282366,直连,
T016,爬升,2823.7923357282366,2842.0910583496093,直连,
T016,巡航,2842.0910583496093,2861.979339032121,直连,
T016,巡航,2861.979339032121,2881.867619714633,直连,
T016,巡航,2881.867619714633,2901.7559003971446,直连,
T016,巡航,2901.7559003971446,2921.644181079656,直连,
T016,巡航,2921.644181079656,2941.532461762168,直连,
T016,巡航,2941.532461762168,2961.4207424446795,直连,
T016,巡航,2961.4207424446795,2981.3090231271913,直连,
T016,巡航,2981.3090231271913,3001.197303809703,直连,
T016,巡航,3001.197303809703,3021.085584492215,直连,
T016,巡航,3021.085584492215,3040.9738651747266,直连,
T016,巡航,3040.9738651747266,3060.862145857238,直连,
T016,巡航,3060.862145857238,3080.7504265397497,直连,
T016,巡航,3080.7504265397497,3100.6387072222615,直连,
T016,巡航,3100.6387072222615,3120.5269879047733,直连,
T016,巡航,3120.5269879047733,3140.415268587285,直连,
T016,巡航,3140.415268587285,3160.303549269797,直连,
T016,巡航,3160.303549269797,3180.1918299523086,中继,R004
T016,巡航,3180.1918299523086,3200.08011063482,中继,R004
T016,巡航,3200.08011063482,3219.9683913173317,中继,R004
T016,下降,3219.9683913173317,3236.3157088222147,中继,R004
T016,下降,3236.3157088222147,3252.663026327097,中继,R004
T016,下降,3252.663026327097,3269.01034383198,中继,R004
T016,下降,3269.01034383198,3285.357661336863,中继,R004
T016,投送,3285.357661336863,3304.448570427772,中继,R004
T016,投送,3304.448570427772,3323.539479518681,中继,R004
T016,投送,3323.539479518681,3342.63038860959,中继,R004
T016,投送,3342.63038860959,3361.7212977004992,中继,R004
T016,投送,3361.7212977004992,3380.8122067914082,中继,R004
T016,投送,3380.8122067914082,3399.9031158823173,中继,R004
T016,投送,3399.9031158823173,3418.9940249732267,中继,R004
T016,投送,3418.9940249732267,3438.0849340641357,中继,R004
T016,投送,3438.0849340641357,3457.1758431550447,中继,R004
T016,投送,3457.1758431550447,3476.266752245954,中继,R004
T016,投送,3476.266752245954,3495.357661336863,中继,R004
T016,爬升,3495.357661336863,3513.5213474533994,中继,R004
T016,爬升,3513.5213474533994,3531.685033569936,中继,R004
T016,爬升,3531.685033569936,3549.8487196864726,中继,R004
T016,巡航,3549.8487196864726,3569.737000368984,中继,R004
T016,巡航,3569.737000368984,3589.6252810514957,中继,R004
T016,巡航,3589.6252810514957,3609.5135617340075,中继,R004
T016,巡航,3609.5135617340075,3629.4018424165192,直连,
T016,巡航,3629.4018424165192,3649.290123099031,直连,
T016,巡航,3649.290123099031,3669.1784037815423,直连,
T016,巡航,3669.1784037815423,3689.0666844640546,直连,
T016,巡航,3689.0666844640546,3708.954965146566,直连,
T016,巡航,3708.954965146566,3728.8432458290777,直连,
T016,巡航,3728.8432458290777,3748.7315265115894,直连,
T016,巡航,3748.7315265115894,3768.619807194101,直连,
T016,巡航,3768.619807194101,3788.508087876613,直连,
T016,巡航,3788.508087876613,3808.3963685591243,直连,
T016,巡航,3808.3963685591243,3828.284649241636,直连,
T016,巡航,3828.284649241636,3848.172929924148,直连,
T016,巡航,3848.172929924148,3868.0612106066596,直连,
T016,巡航,3868.0612106066596,3887.9494912891714,直连,
T016,巡航,3887.9494912891714,3907.8377719716827,直连,
T016,巡航,3907.8377719716827,3927.726052654195,直连,
T016,下降,3927.726052654195,3946.939711406636,直连,
T016,下降,3946.939711406636,3966.1533701590774,直连,
T016,下降,3966.1533701590774,3985.367028911519,直连,
T016,下降,3985.367028911519,4004.5806876639604,直连,
T016,下降,4004.5806876639604,4023.794346416402,直连,
T016,下降,4023.794346416402,4043.0080051688433,直连,
T016,下降,4043.0080051688433,4062.2216639212847,直连,
T016,下降,4062.2216639212847,4081.4353226737258,直连,
T017,爬升,2894.0,2912.0876724243167,直连,
T017,爬升,2912.0876724243167,2930.175344848633,直连,
T017,爬升,2930.175344848633,2948.2630172729496,直连,
T017,爬升,2948.2630172729496,2966.350689697266,直连,
T017,爬升,2966.350689697266,2984.438362121582,直连,
T017,爬升,2984.438362121582,3002.5260345458987,直连,
T017,爬升,3002.5260345458987,3020.613706970215,直连,
T017,爬升,3020.613706970215,3038.7013793945316,直连,
T017,巡航,3038.7013793945316,3058.2264539027333,直连,
T017,巡航,3058.2264539027333,3077.751528410935,直连,
T017,巡航,3077.751528410935,3097.2766029191366,直连,
T017,巡航,3097.2766029191366,3116.8016774273383,直连,
T017,巡航,3116.8016774273383,3136.3267519355404,直连,
T017,巡航,3136.3267519355404,3155.851826443742,直连,
T017,巡航,3155.851826443742,3175.3769009519438,直连,
T017,巡航,3175.3769009519438,3194.9019754601454,直连,
T017,巡航,3194.9019754601454,3214.427049968347,直连,
T017,巡航,3214.427049968347,3233.952124476549,直连,
T017,巡航,3233.952124476549,3253.4771989847504,直连,
T017,巡航,3253.4771989847504,3273.0022734929526,直连,
T017,巡航,3273.0022734929526,3292.527348001154,直连,
T017,巡航,3292.527348001154,3312.052422509356,直连,
T017,巡航,3312.052422509356,3331.5774970175576,直连,
T017,巡航,3331.5774970175576,3351.1025715257592,直连,
T017,巡航,3351.1025715257592,3370.6276460339614,中继,R004
T017,巡航,3370.6276460339614,3390.152720542163,中继,R004
T017,巡航,3390.152720542163,3409.6777950503647,中继,R004
T017,巡航,3409.6777950503647,3429.2028695585664,中继,R004
T017,巡航,3429.2028695585664,3448.727944066768,中继,R004
T017,巡航,3448.727944066768,3468.25301857497,中继,R004
T017,巡航,3468.25301857497,3487.778093083172,中继,R004
T017,巡航,3487.778093083172,3507.3031675913735,中继,R004
T017,巡航,3507.3031675913735,3526.828242099575,中继,R004
T017,巡航,3526.828242099575,3546.353316607777,中继,R004
T017,巡航,3546.353316607777,3565.878391115979,中继,R004
T017,巡航,3565.878391115979,3585.40346562418,中继,R004
T017,巡航,3585.40346562418,3604.9285401323823,中继,R004
T017,巡航,3604.9285401323823,3624.453614640584,中继,R004
T017,巡航,3624.453614640584,3643.9786891487856,中继,R004
T017,下降,3643.9786891487856,3661.8430202034733,中继,R004
T017,下降,3661.8430202034733,3679.7073512581605,中继,R004
T017,下降,3679.7073512581605,3697.571682312848,中继,R004
T017,下降,3697.571682312848,3715.4360133675355,中继,R004
T017,下降,3715.4360133675355,3733.300344422223,中继,R004
T017,投送,3733.300344422223,3752.391253513132,中继,R004
T017,投送,3752.391253513132,3771.482162604041,中继,R004
T017,投送,3771.482162604041,3790.57307169495,中继,R004
T017,投送,3790.57307169495,3809.663980785859,中继,R004
T017,投送,3809.663980785859,3828.7548898767686,中继,R004
T017,投送,3828.7548898767686,3847.8457989676776,中继,R004
T017,投送,3847.8457989676776,3866.9367080585866,中继,R004
T017,投送,3866.9367080585866,3886.027617149496,中继,R004
T017,投送,3886.027617149496,3905.118526240405,中继,R004
T017,投送,3905.118526240405,3924.209435331314,中继,R004
T017,投送,3924.209435331314,3943.300344422223,中继,R004
T017,爬升,3943.300344422223,3961.9090226041894,中继,R004
T017,爬升,3961.9090226041894,3980.5177007861557,中继,R004
T017,爬升,3980.5177007861557,3999.1263789681216,中继,R004
T017,爬升,3999.1263789681216,4017.735057150088,中继,R004
T017,巡航,4017.735057150088,4037.2601316582895,中继,R004
T017,巡航,4037.2601316582895,4056.7852061664917,中继,R004
T017,巡航,4056.7852061664917,4076.310280674693,中继,R004
T017,巡航,4076.310280674693,4095.835355182895,中继,R004
T017,巡航,4095.835355182895,4115.360429691096,中继,R004
T017,巡航,4115.360429691096,4134.885504199298,中继,R004
T017,巡航,4134.885504199298,4154.4105787075005,中继,R004
T017,巡航,4154.4105787075005,4173.935653215702,中继,R004
T017,巡航,4173.935653215702,4193.460727723904,中继,R004
T017,巡航,4193.460727723904,4212.985802232105,中继,R004
T017,巡航,4212.985802232105,4232.510876740307,中继,R004
T017,巡航,4232.510876740307,4252.035951248508,中继,R004
T017,巡航,4252.035951248508,4271.5610257567105,中继,R004
T017,巡航,4271.5610257567105,4291.086100264913,中继,R004
T017,巡航,4291.086100264913,4310.611174773114,中继,R004
T017,巡航,4310.611174773114,4330.136249281316,直连,
T017,巡航,4330.136249281316,4349.661323789518,直连,
T017,巡航,4349.661323789518,4369.186398297719,直连,
T017,巡航,4369.186398297719,4388.7114728059205,直连,
T017,巡航,4388.7114728059205,4408.236547314123,直连,
T017,巡航,4408.236547314123,4427.761621822325,直连,
T017,巡航,4427.761621822325,4447.286696330526,直连,
T017,巡航,4447.286696330526,4466.811770838728,直连,
T017,巡航,4466.811770838728,4486.33684534693,直连,
T017,巡航,4486.33684534693,4505.861919855131,直连,
T017,巡航,4505.861919855131,4525.386994363333,直连,
T017,巡航,4525.386994363333,4544.912068871535,直连,
T017,巡航,4544.912068871535,4564.437143379737,直连,
T017,巡航,4564.437143379737,4583.962217887938,直连,
T017,巡航,4583.962217887938,4603.48729239614,直连,
T017,巡航,4603.48729239614,4623.012366904342,直连,
T017,下降,4623.012366904342,4642.3058841569455,直连,
T017,下降,4642.3058841569455,4661.59940140955,直连,
T017,下降,4661.59940140955,4680.892918662154,直连,
T017,下降,4680.892918662154,4700.1864359147585,直连,
T017,下降,4700.1864359147585,4719.479953167363,直连,
T017,下降,4719.479953167363,4738.7734704199665,直连,
T017,下降,4738.7734704199665,4758.0669876725715,直连,
T017,下降,4758.0669876725715,4777.3605049251755,直连,
T017,下降,4777.3605049251755,4796.65402217778,直连,
T018,爬升,3275.0,3294.2136587524415,直连,
T018,爬升,3294.2136587524415,3313.427317504883,直连,
T018,爬升,3313.427317504883,3332.640976257324,直连,
T018,爬升,3332.640976257324,3351.854635009766,直连,
T018,爬升,3351.854635009766,3371.068293762207,直连,
T018,爬升,3371.068293762207,3390.2819525146483,直连,
T018,爬升,3390.2819525146483,3409.4956112670898,直连,
T018,爬升,3409.4956112670898,3428.7092700195312,直连,
T018,巡航,3428.7092700195312,3447.603136667917,直连,
T018,巡航,3447.603136667917,3466.4970033163036,直连,
T018,巡航,3466.4970033163036,3485.3908699646895,直连,
T018,巡航,3485.3908699646895,3504.2847366130754,直连,
T018,巡航,3504.2847366130754,3523.178603261462,直连,
T018,巡航,3523.178603261462,3542.072469909848,直连,
T018,巡航,3542.072469909848,3560.966336558234,直连,
T018,巡航,3560.966336558234,3579.86020320662,直连,
T018,巡航,3579.86020320662,3598.7540698550065,直连,
T018,巡航,3598.7540698550065,3617.6479365033924,直连,
T018,巡航,3617.6479365033924,3636.5418031517784,直连,
T018,巡航,3636.5418031517784,3655.4356698001648,直连,
T018,巡航,3655.4356698001648,3674.3295364485507,直连,
T018,巡航,3674.3295364485507,3693.223403096937,中继,R004
T018,巡航,3693.223403096937,3712.117269745323,中继,R004
T018,巡航,3712.117269745323,3731.0111363937094,中继,R004
T018,下降,3731.0111363937094,3747.358453898592,中继,R004
T018,下降,3747.358453898592,3763.705771403475,中继,R004
T018,下降,3763.705771403475,3780.0530889083575,中继,R004
T018,下降,3780.0530889083575,3796.4004064132405,中继,R004
T018,下降,3796.4004064132405,3812.7477239181235,中继,R004
T018,投送,3812.7477239181235,3831.9477239181233,中继,R004
T018,投送,3831.9477239181233,3851.147723918123,中继,R004
T018,投送,3851.147723918123,3870.347723918123,中继,R004
T018,投送,3870.347723918123,3889.547723918123,中继,R004
T018,投送,3889.547723918123,3908.7477239181235,中继,R004
T018,投送,3908.7477239181235,3927.9477239181233,中继,R004
T018,投送,3927.9477239181233,3947.147723918123,中继,R004
T018,投送,3947.147723918123,3966.347723918123,中继,R004
T018,投送,3966.347723918123,3985.547723918123,中继,R004
T018,投送,3985.547723918123,4004.7477239181235,中继,R004
T018,投送,4004.7477239181235,4023.9477239181233,中继,R004
T018,投送,4023.9477239181233,4043.147723918123,中继,R004
T018,投送,4043.147723918123,4062.347723918123,中继,R004
T018,投送,4062.347723918123,4081.547723918123,中继,R004
T018,投送,4081.547723918123,4100.7477239181235,中继,R004
T018,爬升,4100.7477239181235,4116.189545207186,中继,R004
T018,爬升,4116.189545207186,4131.631366496248,中继,R004
T018,爬升,4131.631366496248,4147.07318778531,中继,R004
T018,爬升,4147.07318778531,4162.515009074374,中继,R004
T018,巡航,4162.515009074374,4181.010109377108,中继,R004
T018,巡航,4181.010109377108,4199.505209679844,中继,R004
T018,巡航,4199.505209679844,4218.000309982579,中继,R004
T018,巡航,4218.000309982579,4236.4954102853135,中继,R004
T018,巡航,4236.4954102853135,4254.990510588049,中继,R004
T018,巡航,4254.990510588049,4273.485610890784,中继,R004
T018,巡航,4273.485610890784,4291.98071119352,中继,R004
T018,巡航,4291.98071119352,4310.475811496255,中继,R004
T018,下降,4310.475811496255,4324.684917941568,中继,R004
T018,投送,4324.684917941568,4343.884917941567,中继,R004
T018,投送,4343.884917941567,4363.084917941567,中继,R004
T018,投送,4363.084917941567,4382.284917941567,中继,R004
T018,投送,4382.284917941567,4401.484917941567,中继,R004
T018,投送,4401.484917941567,4420.684917941568,中继,R004
T018,投送,4420.684917941568,4439.884917941567,中继,R004
T018,投送,4439.884917941567,4459.084917941567,中继,R004
T018,投送,4459.084917941567,4478.284917941567,中继,R004
T018,投送,4478.284917941567,4497.484917941567,中继,R004
T018,投送,4497.484917941567,4516.684917941568,中继,R004
T018,投送,4516.684917941568,4535.884917941567,中继,R004
T018,投送,4535.884917941567,4555.084917941567,中继,R004
T018,投送,4555.084917941567,4574.284917941567,中继,R004
T018,投送,4574.284917941567,4593.484917941567,中继,R004
T018,投送,4593.484917941567,4612.684917941568,中继,R004
T018,爬升,4612.684917941568,4632.144769015786,中继,R004
T018,爬升,4632.144769015786,4651.604620090005,中继,R004
T018,巡航,4651.604620090005,4670.682310791831,中继,R004
T018,巡航,4670.682310791831,4689.760001493657,中继,R004
T018,巡航,4689.760001493657,4708.837692195483,中继,R004
T018,巡航,4708.837692195483,4727.915382897309,中继,R004
T018,巡航,4727.915382897309,4746.993073599136,中继,R004
T018,巡航,4746.993073599136,4766.070764300962,中继,R004
T018,巡航,4766.070764300962,4785.148455002788,中继,R005
T018,巡航,4785.148455002788,4804.226145704614,中继,R005
T018,巡航,4804.226145704614,4823.3038364064405,直连,
T018,巡航,4823.3038364064405,4842.381527108267,直连,
T018,巡航,4842.381527108267,4861.459217810092,直连,
T018,巡航,4861.459217810092,4880.536908511918,直连,
T018,巡航,4880.536908511918,4899.614599213744,直连,
T018,巡航,4899.614599213744,4918.692289915571,直连,
T018,巡航,4918.692289915571,4937.769980617397,直连,
T018,巡航,4937.769980617397,4956.847671319223,直连,
T018,巡航,4956.847671319223,4975.925362021049,直连,
T018,巡航,4975.925362021049,4995.0030527228755,直连,
T018,巡航,4995.0030527228755,5014.080743424702,直连,
T018,巡航,5014.080743424702,5033.158434126528,直连,
T018,巡航,5033.158434126528,5052.236124828354,直连,
T018,下降,5052.236124828354,5070.740260468817,直连,
T018,下降,5070.740260468817,5089.2443961092795,直连,
T018,下降,5089.2443961092795,5107.748531749741,直连,
T018,下降,5107.748531749741,5126.252667390203,直连,
T018,下降,5126.252667390203,5144.756803030666,直连,
T018,下降,5144.756803030666,5163.260938671128,直连,
T018,下降,5163.260938671128,5181.76507431159,直连,
T018,下降,5181.76507431159,5200.269209952053,直连,
T018,下降,5200.269209952053,5218.773345592515,直连,
T018,下降,5218.773345592515,5237.277481232977,直连,
T018,下降,5237.277481232977,5255.781616873439,直连,
T018,下降,5255.781616873439,5274.285752513902,直连,
T019,爬升,4279.0,4297.629083930122,直连,
T019,爬升,4297.629083930122,4316.258167860243,直连,
T019,爬升,4316.258167860243,4334.887251790365,直连,
T019,巡航,4334.887251790365,4354.387932809506,直连,
T019,巡航,4354.387932809506,4373.888613828649,直连,
T019,巡航,4373.888613828649,4393.389294847791,直连,
T019,巡航,4393.389294847791,4412.889975866932,直连,
T019,巡航,4412.889975866932,4432.390656886075,直连,
T019,巡航,4432.390656886075,4451.8913379052165,直连,
T019,巡航,4451.8913379052165,4471.392018924358,直连,
T019,巡航,4471.392018924358,4490.8926999435,直连,
T019,巡航,4490.8926999435,4510.393380962642,直连,
T019,巡航,4510.393380962642,4529.894061981784,直连,
T019,巡航,4529.894061981784,4549.394743000926,直连,
T019,巡航,4549.394743000926,4568.895424020068,直连,
T019,下降,4568.895424020068,4585.547775094286,直连,
T019,下降,4585.547775094286,4602.200126168505,直连,
T019,投送,4602.200126168505,4622.200126168505,直连,
T019,投送,4622.200126168505,4642.200126168505,直连,
T019,投送,4642.200126168505,4662.200126168505,直连,
T019,投送,4662.200126168505,4682.200126168505,直连,
T019,投送,4682.200126168505,4702.200126168505,直连,
T019,投送,4702.200126168505,4722.200126168505,直连,
T019,投送,4722.200126168505,4742.200126168505,直连,
T019,投送,4742.200126168505,4762.200126168505,直连,
T019,投送,4762.200126168505,4782.200126168505,直连,
T019,爬升,4782.200126168505,4796.077085397021,直连,
T019,爬升,4796.077085397021,4809.954044625537,直连,
T019,巡航,4809.954044625537,4829.454725644679,直连,
T019,巡航,4829.454725644679,4848.955406663821,直连,
T019,巡航,4848.955406663821,4868.456087682963,直连,
T019,巡航,4868.456087682963,4887.9567687021045,直连,
T019,巡航,4887.9567687021045,4907.457449721246,直连,
T019,巡航,4907.457449721246,4926.958130740389,直连,
T019,巡航,4926.958130740389,4946.45881175953,直连,
T019,巡航,4946.45881175953,4965.959492778672,直连,
T019,巡航,4965.959492778672,4985.460173797814,直连,
T019,巡航,4985.460173797814,5004.960854816956,直连,
T019,巡航,5004.960854816956,5024.461535836098,直连,
T019,巡航,5024.461535836098,5043.96221685524,直连,
T019,下降,5043.96221685524,5060.72839239235,直连,
T019,下降,5060.72839239235,5077.494567929459,直连,
T019,下降,5077.494567929459,5094.260743466568,直连,
T019,下降,5094.260743466568,5111.026919003678,直连,
T020,爬升,5674.0,5692.035944417317,直连,
T020,爬升,5692.035944417317,5710.0718888346355,直连,
T020,爬升,5710.0718888346355,5728.107833251954,直连,
T020,爬升,5728.107833251954,5746.143777669271,直连,
T020,爬升,5746.143777669271,5764.179722086588,直连,
T020,爬升,5764.179722086588,5782.2156665039065,直连,
T020,巡航,5782.2156665039065,5801.99702356786,直连,
T020,巡航,5801.99702356786,5821.778380631814,直连,
T020,巡航,5821.778380631814,5841.559737695768,直连,
T020,巡航,5841.559737695768,5861.34109475972,直连,
T020,巡航,5861.34109475972,5881.122451823674,直连,
T020,巡航,5881.122451823674,5900.903808887628,直连,
T020,巡航,5900.903808887628,5920.685165951581,直连,
T020,巡航,5920.685165951581,5940.466523015535,直连,
T020,巡航,5940.466523015535,5960.247880079489,直连,
T020,巡航,5960.247880079489,5980.0292371434425,直连,
T020,巡航,5980.0292371434425,5999.810594207396,直连,
T020,巡航,5999.810594207396,6019.59195127135,直连,
T020,巡航,6019.59195127135,6039.373308335304,直连,
T020,巡航,6039.373308335304,6059.154665399257,中继,R006
T020,巡航,6059.154665399257,6078.936022463211,中继,R006
T020,巡航,6078.936022463211,6098.717379527165,中继,R006
T020,巡航,6098.717379527165,6118.498736591117,中继,R006
T020,巡航,6118.498736591117,6138.280093655071,中继,R007
T020,巡航,6138.280093655071,6158.061450719025,中继,R007
T020,巡航,6158.061450719025,6177.8428077829785,中继,R007
T020,巡航,6177.8428077829785,6197.624164846932,中继,R007
T020,巡航,6197.624164846932,6217.405521910886,中继,R007
T020,巡航,6217.405521910886,6237.18687897484,中继,R007
T020,巡航,6237.18687897484,6256.968236038793,中继,R007
T020,巡航,6256.968236038793,6276.749593102746,中继,R007
T020,巡航,6276.749593102746,6296.5309501667,中继,R007
T020,下降,6296.5309501667,6313.524866792677,中继,R007
T020,下降,6313.524866792677,6330.518783418654,中继,R007
T020,下降,6330.518783418654,6347.51270004463,中继,R007
T020,下降,6347.51270004463,6364.5066166706065,中继,R007
T020,下降,6364.5066166706065,6381.500533296583,中继,R007
T020,投送,6381.500533296583,6401.300533296583,中继,R007
T020,投送,6401.300533296583,6421.100533296583,中继,R007
T020,投送,6421.100533296583,6440.9005332965835,中继,R007
T020,投送,6440.9005332965835,6460.700533296584,中继,R007
T020,投送,6460.700533296584,6480.500533296583,中继,R007
T020,投送,6480.500533296583,6500.300533296583,中继,R007
T020,投送,6500.300533296583,6520.100533296583,中继,R007
T020,投送,6520.100533296583,6539.9005332965835,中继,R007
T020,投送,6539.9005332965835,6559.700533296584,中继,R007
T020,投送,6559.700533296584,6579.500533296583,中继,R007
T020,投送,6579.500533296583,6599.300533296583,中继,R007
T020,投送,6599.300533296583,6619.100533296583,中继,R007
T020,投送,6619.100533296583,6638.9005332965835,中继,R007
T020,投送,6638.9005332965835,6658.700533296584,中继,R007
T020,投送,6658.700533296584,6678.500533296583,中继,R007
T020,投送,6678.500533296583,6698.300533296583,中继,R007
T020,投送,6698.300533296583,6718.100533296583,中继,R007
T020,投送,6718.100533296583,6737.9005332965835,中继,R007
T020,投送,6737.9005332965835,6757.700533296584,中继,R007
T020,投送,6757.700533296584,6777.500533296583,中继,R007
T020,爬升,6777.500533296583,6794.49444992256,中继,R007
T020,爬升,6794.49444992256,6811.488366548537,中继,R007
T020,爬升,6811.488366548537,6828.482283174513,中继,R007
T020,爬升,6828.482283174513,6845.47619980049,中继,R007
T020,巡航,6845.47619980049,6865.257556864443,中继,R007
T020,巡航,6865.257556864443,6885.038913928397,中继,R007
T020,巡航,6885.038913928397,6904.820270992351,中继,R007
T020,巡航,6904.820270992351,6924.601628056304,中继,R007
T020,巡航,6924.601628056304,6944.382985120258,中继,R007
T020,巡航,6944.382985120258,6964.164342184212,中继,R007
T020,巡航,6964.164342184212,6983.945699248165,中继,R007
T020,巡航,6983.945699248165,7003.727056312118,中继,R007
T020,巡航,7003.727056312118,7023.508413376072,中继,R006
T020,巡航,7023.508413376072,7043.289770440026,中继,R006
T020,巡航,7043.289770440026,7063.071127503979,中继,R006
T020,巡航,7063.071127503979,7082.852484567933,中继,R006
T020,巡航,7082.852484567933,7102.633841631887,中继,R006
T020,巡航,7102.633841631887,7122.41519869584,直连,
T020,巡航,7122.41519869584,7142.196555759794,直连,
T020,巡航,7142.196555759794,7161.977912823748,直连,
T020,巡航,7161.977912823748,7181.7592698877015,直连,
T020,巡航,7181.7592698877015,7201.540626951655,直连,
T020,巡航,7201.540626951655,7221.321984015609,直连,
T020,巡航,7221.321984015609,7241.103341079563,直连,
T020,巡航,7241.103341079563,7260.884698143516,直连,
T020,巡航,7260.884698143516,7280.66605520747,直连,
T020,巡航,7280.66605520747,7300.447412271423,直连,
T020,巡航,7300.447412271423,7320.2287693353765,直连,
T020,巡航,7320.2287693353765,7340.01012639933,直连,
T020,巡航,7340.01012639933,7359.791483463284,直连,
T020,下降,7359.791483463284,7379.115709624695,直连,
T020,下降,7379.115709624695,7398.4399357861075,直连,
T020,下降,7398.4399357861075,7417.76416194752,直连,
T020,下降,7417.76416194752,7437.088388108931,直连,
T020,下降,7437.088388108931,7456.412614270343,直连,
T020,下降,7456.412614270343,7475.736840431755,直连,
T020,下降,7475.736840431755,7495.061066593167,直连,
T021,爬升,5755.0,5774.380881347656,直连,
T021,爬升,5774.380881347656,5793.761762695312,直连,
T021,爬升,5793.761762695312,5813.142644042969,直连,
T021,巡航,5813.142644042969,5831.651666483214,直连,
T021,巡航,5831.651666483214,5850.160688923459,直连,
T021,巡航,5850.160688923459,5868.669711363705,直连,
T021,巡航,5868.669711363705,5887.17873380395,直连,
T021,巡航,5887.17873380395,5905.687756244195,直连,
T021,巡航,5905.687756244195,5924.196778684441,直连,
T021,巡航,5924.196778684441,5942.705801124686,直连,
T021,巡航,5942.705801124686,5961.214823564931,直连,
T021,巡航,5961.214823564931,5979.723846005177,直连,
T021,巡航,5979.723846005177,5998.232868445422,直连,
T021,巡航,5998.232868445422,6016.741890885667,直连,
T021,下降,6016.741890885667,6031.584659236904,直连,
T021,下降,6031.584659236904,6046.427427588142,直连,
T021,下降,6046.427427588142,6061.270195939378,直连,
T021,投送,6061.270195939378,6081.070195939378,直连,
T021,投送,6081.070195939378,6100.870195939378,直连,
T021,投送,6100.870195939378,6120.670195939379,直连,
T021,投送,6120.670195939379,6140.470195939379,直连,
T021,投送,6140.470195939379,6160.270195939378,直连,
T021,投送,6160.270195939378,6180.070195939378,直连,
T021,投送,6180.070195939378,6199.870195939378,直连,
T021,投送,6199.870195939378,6219.670195939379,直连,
T021,投送,6219.670195939379,6239.470195939379,直连,
T021,投送,6239.470195939379,6259.270195939378,直连,
T021,投送,6259.270195939378,6279.070195939378,直连,
T021,投送,6279.070195939378,6298.870195939378,直连,
T021,投送,6298.870195939378,6318.670195939379,直连,
T021,投送,6318.670195939379,6338.470195939379,直连,
T021,投送,6338.470195939379,6358.270195939378,直连,
T021,投送,6358.270195939378,6378.070195939378,直连,
T021,投送,6378.070195939378,6397.870195939378,直连,
T021,投送,6397.870195939378,6417.670195939379,直连,
T021,投送,6417.670195939379,6437.470195939379,直连,
T021,投送,6437.470195939379,6457.270195939378,直连,
T021,爬升,6457.270195939378,6475.081517960863,直连,
T021,爬升,6475.081517960863,6492.892839982347,直连,
T021,巡航,6492.892839982347,6511.401862422593,直连,
T021,巡航,6511.401862422593,6529.9108848628375,直连,
T021,巡航,6529.9108848628375,6548.419907303083,直连,
T021,巡航,6548.419907303083,6566.928929743329,直连,
T021,巡航,6566.928929743329,6585.4379521835735,直连,
T021,巡航,6585.4379521835735,6603.946974623819,直连,
T021,巡航,6603.946974623819,6622.455997064064,直连,
T021,巡航,6622.455997064064,6640.96501950431,直连,
T021,巡航,6640.96501950431,6659.474041944555,直连,
T021,巡航,6659.474041944555,6677.9830643848,直连,
T021,巡航,6677.9830643848,6696.492086825046,直连,
T021,下降,6696.492086825046,6714.661663088474,直连,
T021,下降,6714.661663088474,6732.831239351901,直连,
T021,下降,6732.831239351901,6751.000815615329,直连,
T021,下降,6751.000815615329,6769.170391878757,直连,
T022,爬升,5648.0,5664.559240722656,直连,
T022,爬升,5664.559240722656,5681.118481445313,直连,
T022,爬升,5681.118481445313,5697.677722167969,直连,
T022,爬升,5697.677722167969,5714.236962890625,直连,
T022,巡航,5714.236962890625,5733.3697226348095,直连,
T022,巡航,5733.3697226348095,5752.502482378994,直连,
T022,巡航,5752.502482378994,5771.635242123178,直连,
T022,巡航,5771.635242123178,5790.768001867362,直连,
T022,巡航,5790.768001867362,5809.900761611547,直连,
T022,巡航,5809.900761611547,5829.033521355731,直连,
T022,巡航,5829.033521355731,5848.166281099915,直连,
T022,巡航,5848.166281099915,5867.299040844099,直连,
T022,巡航,5867.299040844099,5886.431800588283,直连,
T022,巡航,5886.431800588283,5905.564560332467,直连,
T022,巡航,5905.564560332467,5924.697320076652,直连,
T022,巡航,5924.697320076652,5943.8300798208365,直连,
T022,巡航,5943.8300798208365,5962.962839565021,直连,
T022,巡航,5962.962839565021,5982.095599309205,直连,
T022,巡航,5982.095599309205,6001.228359053389,直连,
T022,巡航,6001.228359053389,6020.361118797573,直连,
T022,巡航,6020.361118797573,6039.493878541758,直连,
T022,巡航,6039.493878541758,6058.626638285942,中继,R006
T022,巡航,6058.626638285942,6077.759398030126,中继,R006
T022,巡航,6077.759398030126,6096.89215777431,中继,R006
T022,巡航,6096.89215777431,6116.0249175184945,中继,R007
T022,巡航,6116.0249175184945,6135.1576772626795,中继,R007
T022,巡航,6135.1576772626795,6154.290437006864,中继,R007
T022,下降,6154.290437006864,6171.81188882978,中继,R007
T022,下降,6171.81188882978,6189.333340652696,中继,R007
T022,下降,6189.333340652696,6206.854792475613,中继,R007
T022,投送,6206.854792475613,6225.945701566522,中继,R007
T022,投送,6225.945701566522,6245.036610657431,中继,R007
T022,投送,6245.036610657431,6264.127519748341,中继,R007
T022,投送,6264.127519748341,6283.21842883925,中继,R007
T022,投送,6283.21842883925,6302.309337930159,中继,R007
T022,投送,6302.309337930159,6321.400247021068,中继,R007
T022,投送,6321.400247021068,6340.491156111977,中继,R007
T022,投送,6340.491156111977,6359.582065202886,中继,R007
T022,投送,6359.582065202886,6378.672974293795,中继,R007
T022,投送,6378.672974293795,6397.763883384704,中继,R007
T022,投送,6397.763883384704,6416.854792475613,中继,R007
T022,爬升,6416.854792475613,6431.456002328044,中继,R007
T022,爬升,6431.456002328044,6446.057212180474,中继,R007
T022,爬升,6446.057212180474,6460.658422032905,中继,R007
T022,巡航,6460.658422032905,6479.791181777089,中继,R007
T022,巡航,6479.791181777089,6498.923941521273,中继,R007
T022,巡航,6498.923941521273,6518.056701265457,中继,R007
T022,巡航,6518.056701265457,6537.189461009642,中继,R006
T022,巡航,6537.189461009642,6556.3222207538265,中继,R006
T022,巡航,6556.3222207538265,6575.454980498011,中继,R006
T022,巡航,6575.454980498011,6594.587740242195,直连,
T022,巡航,6594.587740242195,6613.720499986379,直连,
T022,巡航,6613.720499986379,6632.853259730564,直连,
T022,巡航,6632.853259730564,6651.986019474748,直连,
T022,巡航,6651.986019474748,6671.118779218932,直连,
T022,巡航,6671.118779218932,6690.251538963116,直连,
T022,巡航,6690.251538963116,6709.3842987073,直连,
T022,巡航,6709.3842987073,6728.517058451485,直连,
T022,巡航,6728.517058451485,6747.649818195669,直连,
T022,巡航,6747.649818195669,6766.782577939854,直连,
T022,巡航,6766.782577939854,6785.915337684038,直连,
T022,巡航,6785.915337684038,6805.048097428222,直连,
T022,巡航,6805.048097428222,6824.180857172407,直连,
T022,巡航,6824.180857172407,6843.31361691659,直连,
T022,巡航,6843.31361691659,6862.446376660775,直连,
T022,巡航,6862.446376660775,6881.579136404959,直连,
T022,巡航,6881.579136404959,6900.711896149143,直连,
T022,下降,6900.711896149143,6920.582985016331,直连,
T022,下降,6920.582985016331,6940.4540738835185,直连,
T022,下降,6940.4540738835185,6960.325162750705,直连,
T022,下降,6960.325162750705,6980.196251617894,直连,
T023,爬升,5698.0,5714.34728881836,直连,
T023,爬升,5714.34728881836,5730.694577636719,直连,
T023,爬升,5730.694577636719,5747.041866455078,直连,
T023,爬升,5747.041866455078,5763.389155273438,直连,
T023,爬升,5763.389155273438,5779.736444091797,直连,
T023,巡航,5779.736444091797,5799.684875323222,直连,
T023,巡航,5799.684875323222,5819.633306554647,直连,
T023,巡航,5819.633306554647,5839.581737786071,直连,
T023,巡航,5839.581737786071,5859.5301690174965,直连,
T023,巡航,5859.5301690174965,5879.478600248922,直连,
T023,巡航,5879.478600248922,5899.427031480346,直连,
T023,巡航,5899.427031480346,5919.375462711771,直连,
T023,巡航,5919.375462711771,5939.323893943196,直连,
T023,巡航,5939.323893943196,5959.272325174621,直连,
T023,巡航,5959.272325174621,5979.220756406046,直连,
T023,巡航,5979.220756406046,5999.169187637471,直连,
T023,巡航,5999.169187637471,6019.117618868896,直连,
T023,巡航,6019.117618868896,6039.06605010032,直连,
T023,巡航,6039.06605010032,6059.014481331746,中继,R006
T023,巡航,6059.014481331746,6078.96291256317,中继,R006
T023,巡航,6078.96291256317,6098.911343794595,中继,R006
T023,巡航,6098.911343794595,6118.85977502602,中继,R007
T023,巡航,6118.85977502602,6138.808206257445,中继,R007
T023,巡航,6138.808206257445,6158.75663748887,中继,R007
T023,巡航,6158.75663748887,6178.705068720295,中继,R007
T023,巡航,6178.705068720295,6198.65349995172,中继,R007
T023,巡航,6198.65349995172,6218.601931183144,中继,R007
T023,巡航,6218.601931183144,6238.5503624145695,中继,R007
T023,巡航,6238.5503624145695,6258.498793645995,中继,R007
T023,巡航,6258.498793645995,6278.447224877419,中继,R007
T023,巡航,6278.447224877419,6298.395656108844,中继,R007
T023,巡航,6298.395656108844,6318.344087340269,中继,R007
T023,下降,6318.344087340269,6331.945331643655,中继,R007
T023,下降,6331.945331643655,6345.54657594704,中继,R007
T023,下降,6345.54657594704,6359.147820250426,中继,R007
T023,投送,6359.147820250426,6379.147820250426,中继,R007
T023,投送,6379.147820250426,6399.147820250426,中继,R007
T023,投送,6399.147820250426,6419.147820250426,中继,R007
T023,投送,6419.147820250426,6439.147820250426,中继,R007
T023,投送,6439.147820250426,6459.147820250426,中继,R007
T023,投送,6459.147820250426,6479.147820250426,中继,R007
T023,投送,6479.147820250426,6499.147820250426,中继,R007
T023,投送,6499.147820250426,6519.147820250426,中继,R007
T023,投送,6519.147820250426,6539.147820250426,中继,R007
T023,投送,6539.147820250426,6559.147820250426,中继,R007
T023,投送,6559.147820250426,6579.147820250426,中继,R007
T023,投送,6579.147820250426,6599.147820250426,中继,R007
T023,爬升,6599.147820250426,6616.149375629657,中继,R007
T023,爬升,6616.149375629657,6633.1509310088895,中继,R007
T023,巡航,6633.1509310088895,6653.099362240314,中继,R007
T023,巡航,6653.099362240314,6673.047793471739,中继,R007
T023,巡航,6673.047793471739,6692.9962247031635,中继,R007
T023,巡航,6692.9962247031635,6712.944655934589,中继,R007
T023,巡航,6712.944655934589,6732.893087166014,中继,R007
T023,巡航,6732.893087166014,6752.841518397438,中继,R007
T023,巡航,6752.841518397438,6772.789949628863,中继,R007
T023,巡航,6772.789949628863,6792.738380860288,中继,R007
T023,巡航,6792.738380860288,6812.686812091713,中继,R007
T023,巡航,6812.686812091713,6832.635243323138,中继,R007
T023,巡航,6832.635243323138,6852.583674554563,中继,R007
T023,巡航,6852.583674554563,6872.532105785987,中继,R006
T023,巡航,6872.532105785987,6892.480537017413,中继,R006
T023,巡航,6892.480537017413,6912.428968248838,中继,R006
T023,巡航,6912.428968248838,6932.377399480262,直连,
T023,巡航,6932.377399480262,6952.325830711688,直连,
T023,巡航,6952.325830711688,6972.274261943112,直连,
T023,巡航,6972.274261943112,6992.222693174537,直连,
T023,巡航,6992.222693174537,7012.1711244059625,直连,
T023,巡航,7012.1711244059625,7032.119555637387,直连,
T023,巡航,7032.119555637387,7052.067986868811,直连,
T023,巡航,7052.067986868811,7072.0164181002365,直连,
T023,巡航,7072.0164181002365,7091.964849331662,直连,
T023,巡航,7091.964849331662,7111.913280563086,直连,
T023,巡航,7111.913280563086,7131.861711794511,直连,
T023,巡航,7131.861711794511,7151.810143025936,直连,
T023,巡航,7151.810143025936,7171.758574257361,直连,
T023,下降,7171.758574257361,7191.375320839392,直连,
T023,下降,7191.375320839392,7210.992067421424,直连,
T023,下降,7210.992067421424,7230.608814003455,直连,
T023,下降,7230.608814003455,7250.225560585486,直连,
T023,下降,7250.225560585486,7269.842307167517,直连,
T024,爬升,5641.0,5657.34728881836,直连,
T024,爬升,5657.34728881836,5673.694577636718,直连,
T024,爬升,5673.694577636718,5690.041866455078,直连,
T024,爬升,5690.041866455078,5706.389155273438,直连,
T024,爬升,5706.389155273438,5722.736444091797,直连,
T024,巡航,5722.736444091797,5742.538195681815,直连,
T024,巡航,5742.538195681815,5762.339947271832,直连,
T024,巡航,5762.339947271832,5782.141698861849,直连,
T024,巡航,5782.141698861849,5801.943450451867,直连,
T024,巡航,5801.943450451867,5821.745202041884,直连,
T024,巡航,5821.745202041884,5841.5469536319015,直连,
T024,巡航,5841.5469536319015,5861.348705221919,直连,
T024,巡航,5861.348705221919,5881.150456811935,直连,
T024,巡航,5881.150456811935,5900.952208401953,直连,
T024,巡航,5900.952208401953,5920.75395999197,直连,
T024,巡航,5920.75395999197,5940.555711581987,直连,
T024,巡航,5940.555711581987,5960.357463172005,直连,
T024,巡航,5960.357463172005,5980.159214762022,直连,
T024,巡航,5980.159214762022,5999.96096635204,直连,
T024,巡航,5999.96096635204,6019.762717942057,直连,
T024,巡航,6019.762717942057,6039.564469532074,直连,
T024,巡航,6039.564469532074,6059.366221122092,中继,R006
T024,巡航,6059.366221122092,6079.167972712109,中继,R006
T024,巡航,6079.167972712109,6098.969724302126,中继,R006
T024,巡航,6098.969724302126,6118.771475892144,中继,R006
T024,巡航,6118.771475892144,6138.573227482161,中继,R007
T024,巡航,6138.573227482161,6158.374979072179,中继,R007
T024,巡航,6158.374979072179,6178.176730662196,中继,R007
T024,巡航,6178.176730662196,6197.978482252213,中继,R007
T024,巡航,6197.978482252213,6217.780233842231,中继,R007
T024,巡航,6217.780233842231,6237.581985432248,中继,R007
T024,巡航,6237.581985432248,6257.383737022265,中继,R007
T024,巡航,6257.383737022265,6277.185488612283,中继,R007
T024,巡航,6277.185488612283,6296.9872402023,中继,R007
T024,巡航,6296.9872402023,6316.788991792318,中继,R007
T024,巡航,6316.788991792318,6336.590743382335,中继,R007
T024,巡航,6336.590743382335,6356.392494972352,中继,R007
T024,巡航,6356.392494972352,6376.19424656237,中继,R007
T024,巡航,6376.19424656237,6395.995998152387,中继,R007
T024,下降,6395.995998152387,6409.597242455772,中继,R007
T024,下降,6409.597242455772,6423.198486759158,中继,R007
T024,下降,6423.198486759158,6436.799731062543,中继,R007
T024,投送,6436.799731062543,6456.799731062543,中继,R007
T024,投送,6456.799731062543,6476.799731062543,中继,R007
T024,投送,6476.799731062543,6496.799731062543,中继,R007
T024,投送,6496.799731062543,6516.799731062543,中继,R007
T024,投送,6516.799731062543,6536.799731062543,中继,R007
T024,投送,6536.799731062543,6556.799731062543,中继,R007
T024,投送,6556.799731062543,6576.799731062543,中继,R007
T024,投送,6576.799731062543,6596.799731062543,中继,R007
T024,投送,6596.799731062543,6616.799731062543,中继,R007
T024,爬升,6616.799731062543,6633.801286441775,中继,R007
T024,爬升,6633.801286441775,6650.802841821007,中继,R007
T024,巡航,6650.802841821007,6670.604593411024,中继,R007
T024,巡航,6670.604593411024,6690.406345001042,中继,R007
T024,巡航,6690.406345001042,6710.208096591059,中继,R007
T024,巡航,6710.208096591059,6730.009848181076,中继,R007
T024,巡航,6730.009848181076,6749.811599771094,中继,R007
T024,巡航,6749.811599771094,6769.613351361111,中继,R007
T024,巡航,6769.613351361111,6789.415102951129,中继,R007
T024,巡航,6789.415102951129,6809.216854541146,中继,R007
T024,巡航,6809.216854541146,6829.018606131163,中继,R007
T024,巡航,6829.018606131163,6848.820357721181,中继,R007
T024,巡航,6848.820357721181,6868.622109311198,中继,R007
T024,巡航,6868.622109311198,6888.423860901215,中继,R007
T024,巡航,6888.423860901215,6908.225612491233,中继,R007
T024,巡航,6908.225612491233,6928.02736408125,中继,R007
T024,巡航,6928.02736408125,6947.829115671268,中继,R006
T024,巡航,6947.829115671268,6967.630867261285,中继,R006
T024,巡航,6967.630867261285,6987.432618851302,中继,R006
T024,巡航,6987.432618851302,7007.23437044132,中继,R006
T024,巡航,7007.23437044132,7027.036122031337,直连,
T024,巡航,7027.036122031337,7046.837873621354,直连,
T024,巡航,7046.837873621354,7066.639625211372,直连,
T024,巡航,7066.639625211372,7086.441376801389,直连,
T024,巡航,7086.441376801389,7106.243128391406,直连,
T024,巡航,7106.243128391406,7126.044879981423,直连,
T024,巡航,7126.044879981423,7145.84663157144,直连,
T024,巡航,7145.84663157144,7165.648383161458,直连,
T024,巡航,7165.648383161458,7185.450134751475,直连,
T024,巡航,7185.450134751475,7205.2518863414925,直连,
T024,巡航,7205.2518863414925,7225.05363793151,直连,
T024,巡航,7225.05363793151,7244.855389521527,直连,
T024,巡航,7244.855389521527,7264.657141111545,直连,
T024,巡航,7264.657141111545,7284.458892701562,直连,
T024,巡航,7284.458892701562,7304.260644291579,直连,
T024,巡航,7304.260644291579,7324.062395881597,直连,
T024,下降,7324.062395881597,7343.6791424636285,直连,
T024,下降,7343.6791424636285,7363.295889045659,直连,
T024,下降,7363.295889045659,7382.91263562769,直连,
T024,下降,7382.91263562769,7402.529382209722,直连,
T024,下降,7402.529382209722,7422.146128791754,直连,
T025,爬升,5641.0,5657.34728881836,直连,
T025,爬升,5657.34728881836,5673.694577636718,直连,
T025,爬升,5673.694577636718,5690.041866455078,直连,
T025,爬升,5690.041866455078,5706.389155273438,直连,
T025,爬升,5706.389155273438,5722.736444091797,直连,
T025,巡航,5722.736444091797,5742.538195681815,直连,
T025,巡航,5742.538195681815,5762.339947271832,直连,
T025,巡航,5762.339947271832,5782.141698861849,直连,
T025,巡航,5782.141698861849,5801.943450451867,直连,
T025,巡航,5801.943450451867,5821.745202041884,直连,
T025,巡航,5821.745202041884,5841.5469536319015,直连,
T025,巡航,5841.5469536319015,5861.348705221919,直连,
T025,巡航,5861.348705221919,5881.150456811935,直连,
T025,巡航,5881.150456811935,5900.952208401953,直连,
T025,巡航,5900.952208401953,5920.75395999197,直连,
T025,巡航,5920.75395999197,5940.555711581987,直连,
T025,巡航,5940.555711581987,5960.357463172005,直连,
T025,巡航,5960.357463172005,5980.159214762022,直连,
T025,巡航,5980.159214762022,5999.96096635204,直连,
T025,巡航,5999.96096635204,6019.762717942057,直连,
T025,巡航,6019.762717942057,6039.564469532074,直连,
T025,巡航,6039.564469532074,6059.366221122092,中继,R006
T025,巡航,6059.366221122092,6079.167972712109,中继,R006
T025,巡航,6079.167972712109,6098.969724302126,中继,R006
T025,巡航,6098.969724302126,6118.771475892144,中继,R006
T025,巡航,6118.771475892144,6138.573227482161,中继,R007
T025,巡航,6138.573227482161,6158.374979072179,中继,R007
T025,巡航,6158.374979072179,6178.176730662196,中继,R007
T025,巡航,6178.176730662196,6197.978482252213,中继,R007
T025,巡航,6197.978482252213,6217.780233842231,中继,R007
T025,巡航,6217.780233842231,6237.581985432248,中继,R007
T025,巡航,6237.581985432248,6257.383737022265,中继,R007
T025,巡航,6257.383737022265,6277.185488612283,中继,R007
T025,巡航,6277.185488612283,6296.9872402023,中继,R007
T025,巡航,6296.9872402023,6316.788991792318,中继,R007
T025,巡航,6316.788991792318,6336.590743382335,中继,R007
T025,巡航,6336.590743382335,6356.392494972352,中继,R007
T025,巡航,6356.392494972352,6376.19424656237,中继,R007
T025,巡航,6376.19424656237,6395.995998152387,中继,R007
T025,下降,6395.995998152387,6409.597242455772,中继,R007
T025,下降,6409.597242455772,6423.198486759158,中继,R007
T025,下降,6423.198486759158,6436.799731062543,中继,R007
T025,投送,6436.799731062543,6456.799731062543,中继,R007
T025,投送,6456.799731062543,6476.799731062543,中继,R007
T025,投送,6476.799731062543,6496.799731062543,中继,R007
T025,投送,6496.799731062543,6516.799731062543,中继,R007
T025,投送,6516.799731062543,6536.799731062543,中继,R007
T025,投送,6536.799731062543,6556.799731062543,中继,R007
T025,投送,6556.799731062543,6576.799731062543,中继,R007
T025,投送,6576.799731062543,6596.799731062543,中继,R007
T025,投送,6596.799731062543,6616.799731062543,中继,R007
T025,爬升,6616.799731062543,6633.801286441775,中继,R007
T025,爬升,6633.801286441775,6650.802841821007,中继,R007
T025,巡航,6650.802841821007,6670.604593411024,中继,R007
T025,巡航,6670.604593411024,6690.406345001042,中继,R007
T025,巡航,6690.406345001042,6710.208096591059,中继,R007
T025,巡航,6710.208096591059,6730.009848181076,中继,R007
T025,巡航,6730.009848181076,6749.811599771094,中继,R007
T025,巡航,6749.811599771094,6769.613351361111,中继,R007
T025,巡航,6769.613351361111,6789.415102951129,中继,R007
T025,巡航,6789.415102951129,6809.216854541146,中继,R007
T025,巡航,6809.216854541146,6829.018606131163,中继,R007
T025,巡航,6829.018606131163,6848.820357721181,中继,R007
T025,巡航,6848.820357721181,6868.622109311198,中继,R007
T025,巡航,6868.622109311198,6888.423860901215,中继,R007
T025,巡航,6888.423860901215,6908.225612491233,中继,R007
T025,巡航,6908.225612491233,6928.02736408125,中继,R007
T025,巡航,6928.02736408125,6947.829115671268,中继,R006
T025,巡航,6947.829115671268,6967.630867261285,中继,R006
T025,巡航,6967.630867261285,6987.432618851302,中继,R006
T025,巡航,6987.432618851302,7007.23437044132,中继,R006
T025,巡航,7007.23437044132,7027.036122031337,直连,
T025,巡航,7027.036122031337,7046.837873621354,直连,
T025,巡航,7046.837873621354,7066.639625211372,直连,
T025,巡航,7066.639625211372,7086.441376801389,直连,
T025,巡航,7086.441376801389,7106.243128391406,直连,
T025,巡航,7106.243128391406,7126.044879981423,直连,
T025,巡航,7126.044879981423,7145.84663157144,直连,
T025,巡航,7145.84663157144,7165.648383161458,直连,
T025,巡航,7165.648383161458,7185.450134751475,直连,
T025,巡航,7185.450134751475,7205.2518863414925,直连,
T025,巡航,7205.2518863414925,7225.05363793151,直连,
T025,巡航,7225.05363793151,7244.855389521527,直连,
T025,巡航,7244.855389521527,7264.657141111545,直连,
T025,巡航,7264.657141111545,7284.458892701562,直连,
T025,巡航,7284.458892701562,7304.260644291579,直连,
T025,巡航,7304.260644291579,7324.062395881597,直连,
T025,下降,7324.062395881597,7343.6791424636285,直连,
T025,下降,7343.6791424636285,7363.295889045659,直连,
T025,下降,7363.295889045659,7382.91263562769,直连,
T025,下降,7382.91263562769,7402.529382209722,直连,
T025,下降,7402.529382209722,7422.146128791754,直连,
T026,爬升,5719.0,5735.559240722656,直连,
T026,爬升,5735.559240722656,5752.118481445313,直连,
T026,爬升,5752.118481445313,5768.677722167969,直连,
T026,爬升,5768.677722167969,5785.236962890625,直连,
T026,巡航,5785.236962890625,5804.794895073569,直连,
T026,巡航,5804.794895073569,5824.352827256513,直连,
T026,巡航,5824.352827256513,5843.910759439457,直连,
T026,巡航,5843.910759439457,5863.468691622401,直连,
T026,巡航,5863.468691622401,5883.026623805345,直连,
T026,巡航,5883.026623805345,5902.584555988288,直连,
T026,巡航,5902.584555988288,5922.142488171233,直连,
T026,巡航,5922.142488171233,5941.7004203541765,直连,
T026,巡航,5941.7004203541765,5961.25835253712,直连,
T026,巡航,5961.25835253712,5980.816284720064,直连,
T026,巡航,5980.816284720064,6000.374216903008,直连,
T026,巡航,6000.374216903008,6019.932149085952,直连,
T026,巡航,6019.932149085952,6039.490081268896,直连,
T026,巡航,6039.490081268896,6059.04801345184,中继,R006
T026,巡航,6059.04801345184,6078.605945634784,中继,R006
T026,巡航,6078.605945634784,6098.163877817728,中继,R006
T026,巡航,6098.163877817728,6117.721810000672,中继,R007
T026,巡航,6117.721810000672,6137.279742183616,中继,R007
T026,下降,6137.279742183616,6154.801194006533,中继,R007
T026,下降,6154.801194006533,6172.322645829449,中继,R007
T026,下降,6172.322645829449,6189.844097652365,中继,R007
T026,投送,6189.844097652365,6208.935006743275,中继,R007
T026,投送,6208.935006743275,6228.025915834184,中继,R007
T026,投送,6228.025915834184,6247.116824925093,中继,R007
T026,投送,6247.116824925093,6266.207734016002,中继,R007
T026,投送,6266.207734016002,6285.298643106911,中继,R007
T026,投送,6285.298643106911,6304.38955219782,中继,R007
T026,投送,6304.38955219782,6323.480461288729,中继,R007
T026,投送,6323.480461288729,6342.571370379638,中继,R007
T026,投送,6342.571370379638,6361.662279470547,中继,R007
T026,投送,6361.662279470547,6380.753188561456,中继,R007
T026,投送,6380.753188561456,6399.844097652365,中继,R007
T026,爬升,6399.844097652365,6414.445307504797,中继,R007
T026,爬升,6414.445307504797,6429.046517357227,中继,R007
T026,爬升,6429.046517357227,6443.647727209657,中继,R007
T026,巡航,6443.647727209657,6463.205659392601,中继,R007
T026,巡航,6463.205659392601,6482.763591575545,中继,R007
T026,巡航,6482.763591575545,6502.321523758489,中继,R006
T026,巡航,6502.321523758489,6521.879455941433,中继,R006
T026,巡航,6521.879455941433,6541.437388124377,中继,R006
T026,巡航,6541.437388124377,6560.995320307321,直连,
T026,巡航,6560.995320307321,6580.553252490265,直连,
T026,巡航,6580.553252490265,6600.111184673209,直连,
T026,巡航,6600.111184673209,6619.669116856153,直连,
T026,巡航,6619.669116856153,6639.2270490390965,直连,
T026,巡航,6639.2270490390965,6658.784981222041,直连,
T026,巡航,6658.784981222041,6678.342913404985,直连,
T026,巡航,6678.342913404985,6697.900845587928,直连,
T026,巡航,6697.900845587928,6717.458777770873,直连,
T026,巡航,6717.458777770873,6737.016709953816,直连,
T026,巡航,6737.016709953816,6756.57464213676,直连,
T026,巡航,6756.57464213676,6776.132574319704,直连,
T026,巡航,6776.132574319704,6795.690506502648,直连,
T026,下降,6795.690506502648,6815.561595369836,直连,
T026,下降,6815.561595369836,6835.432684237023,直连,
T026,下降,6835.432684237023,6855.30377310421,直连,
T026,下降,6855.30377310421,6875.174861971398,直连,
T027,爬升,5850.0,5866.559240722656,直连,
T027,爬升,5866.559240722656,5883.118481445313,直连,
T027,爬升,5883.118481445313,5899.677722167969,直连,
T027,爬升,5899.677722167969,5916.236962890625,直连,
T027,巡航,5916.236962890625,5935.3697226348095,直连,
T027,巡航,5935.3697226348095,5954.502482378994,直连,
T027,巡航,5954.502482378994,5973.635242123178,直连,
T027,巡航,5973.635242123178,5992.768001867362,直连,
T027,巡航,5992.768001867362,6011.900761611547,直连,
T027,巡航,6011.900761611547,6031.033521355731,直连,
T027,巡航,6031.033521355731,6050.166281099915,直连,
T027,巡航,6050.166281099915,6069.299040844099,直连,
T027,巡航,6069.299040844099,6088.431800588283,直连,
T027,巡航,6088.431800588283,6107.564560332467,直连,
T027,巡航,6107.564560332467,6126.697320076652,直连,
T027,巡航,6126.697320076652,6145.8300798208365,直连,
T027,巡航,6145.8300798208365,6164.962839565021,直连,
T027,巡航,6164.962839565021,6184.095599309205,直连,
T027,巡航,6184.095599309205,6203.228359053389,直连,
T027,巡航,6203.228359053389,6222.361118797573,直连,
T027,巡航,6222.361118797573,6241.493878541758,直连,
T027,巡航,6241.493878541758,6260.626638285942,中继,R006
T027,巡航,6260.626638285942,6279.759398030126,中继,R006
T027,巡航,6279.759398030126,6298.89215777431,中继,R006
T027,巡航,6298.89215777431,6318.0249175184945,中继,R007
T027,巡航,6318.0249175184945,6337.1576772626795,中继,R007
T027,巡航,6337.1576772626795,6356.290437006864,中继,R007
T027,下降,6356.290437006864,6373.81188882978,中继,R007
T027,下降,6373.81188882978,6391.333340652696,中继,R007
T027,下降,6391.333340652696,6408.854792475613,中继,R007
T027,投送,6408.854792475613,6427.945701566522,中继,R007
T027,投送,6427.945701566522,6447.036610657431,中继,R007
T027,投送,6447.036610657431,6466.127519748341,中继,R007
T027,投送,6466.127519748341,6485.21842883925,中继,R007
T027,投送,6485.21842883925,6504.309337930159,中继,R007
T027,投送,6504.309337930159,6523.400247021068,中继,R007
T027,投送,6523.400247021068,6542.491156111977,中继,R007
T027,投送,6542.491156111977,6561.582065202886,中继,R007
T027,投送,6561.582065202886,6580.672974293795,中继,R007
T027,投送,6580.672974293795,6599.763883384704,中继,R007
T027,投送,6599.763883384704,6618.854792475613,中继,R007
T027,爬升,6618.854792475613,6633.456002328044,中继,R007
T027,爬升,6633.456002328044,6648.057212180474,中继,R007
T027,爬升,6648.057212180474,6662.658422032905,中继,R007
T027,巡航,6662.658422032905,6681.791181777089,中继,R007
T027,巡航,6681.791181777089,6700.923941521273,中继,R007
T027,巡航,6700.923941521273,6720.056701265457,中继,R007
T027,巡航,6720.056701265457,6739.189461009642,中继,R006
T027,巡航,6739.189461009642,6758.3222207538265,中继,R006
T027,巡航,6758.3222207538265,6777.454980498011,中继,R006
T027,巡航,6777.454980498011,6796.587740242195,直连,
T027,巡航,6796.587740242195,6815.720499986379,直连,
T027,巡航,6815.720499986379,6834.853259730564,直连,
T027,巡航,6834.853259730564,6853.986019474748,直连,
T027,巡航,6853.986019474748,6873.118779218932,直连,
T027,巡航,6873.118779218932,6892.251538963116,直连,
T027,巡航,6892.251538963116,6911.3842987073,直连,
T027,巡航,6911.3842987073,6930.517058451485,直连,
T027,巡航,6930.517058451485,6949.649818195669,直连,
T027,巡航,6949.649818195669,6968.782577939854,直连,
T027,巡航,6968.782577939854,6987.915337684038,直连,
T027,巡航,6987.915337684038,7007.048097428222,直连,
T027,巡航,7007.048097428222,7026.180857172407,直连,
T027,巡航,7026.180857172407,7045.31361691659,直连,
T027,巡航,7045.31361691659,7064.446376660775,直连,
T027,巡航,7064.446376660775,7083.579136404959,直连,
T027,巡航,7083.579136404959,7102.711896149143,直连,
T027,下降,7102.711896149143,7122.582985016331,直连,
T027,下降,7122.582985016331,7142.4540738835185,直连,
T027,下降,7142.4540738835185,7162.325162750705,直连,
T027,下降,7162.325162750705,7182.196251617894,直连,
