check_id,status,detail
all_80_boxes_once,PASS,"rows=80, unique=80"
route_delivery_consistency,PASS,
Q001:resource_type,PASS,
Q001:known_route,PASS,
Q001:capacity,PASS,
Q001:physical_replay,PASS,
Q001:return_soc,PASS,
Q001:leg_load_energy,PASS,
Q001:charging_replay,PASS,
Q001:time_order,PASS,
Q002:resource_type,PASS,
Q002:known_route,PASS,
Q002:capacity,PASS,
Q002:physical_replay,PASS,
Q002:return_soc,PASS,
Q002:leg_load_energy,PASS,
Q002:charging_replay,PASS,
Q002:time_order,PASS,
Q003:resource_type,PASS,
Q003:known_route,PASS,
Q003:capacity,PASS,
Q003:physical_replay,PASS,
Q003:return_soc,PASS,
Q003:leg_load_energy,PASS,
Q003:charging_replay,PASS,
Q003:time_order,PASS,
Q004:resource_type,PASS,
Q004:known_route,PASS,
Q004:capacity,PASS,
Q004:physical_replay,PASS,
Q004:return_soc,PASS,
Q004:leg_load_energy,PASS,
Q004:charging_replay,PASS,
Q004:time_order,PASS,
Q005:resource_type,PASS,
Q005:known_route,PASS,
Q005:capacity,PASS,
Q005:physical_replay,PASS,
Q005:return_soc,PASS,
Q005:leg_load_energy,PASS,
Q005:charging_replay,PASS,
Q005:time_order,PASS,
Q006:resource_type,PASS,
Q006:known_route,PASS,
Q006:capacity,PASS,
Q006:physical_replay,PASS,
Q006:return_soc,PASS,
Q006:leg_load_energy,PASS,
Q006:charging_replay,PASS,
Q006:time_order,PASS,
Q008:resource_type,PASS,
Q008:known_route,PASS,
Q008:capacity,PASS,
Q008:physical_replay,PASS,
Q008:return_soc,PASS,
Q008:leg_load_energy,PASS,
Q008:charging_replay,PASS,
Q008:time_order,PASS,
Q009:resource_type,PASS,
Q009:known_route,PASS,
Q009:capacity,PASS,
Q009:physical_replay,PASS,
Q009:return_soc,PASS,
Q009:leg_load_energy,PASS,
Q009:charging_replay,PASS,
Q009:time_order,PASS,
Q010:resource_type,PASS,
Q010:known_route,PASS,
Q010:capacity,PASS,
Q010:physical_replay,PASS,
Q010:return_soc,PASS,
Q010:leg_load_energy,PASS,
Q010:charging_replay,PASS,
Q010:time_order,PASS,
Q011:resource_type,PASS,
Q011:known_route,PASS,
Q011:capacity,PASS,
Q011:physical_replay,PASS,
Q011:return_soc,PASS,
Q011:leg_load_energy,PASS,
Q011:charging_replay,PASS,
Q011:time_order,PASS,
Q007:resource_type,PASS,
Q007:known_route,PASS,
Q007:capacity,PASS,
Q007:physical_replay,PASS,
Q007:return_soc,PASS,
Q007:leg_load_energy,PASS,
Q007:charging_replay,PASS,
Q007:time_order,PASS,
Q013:resource_type,PASS,
Q013:known_route,PASS,
Q013:capacity,PASS,
Q013:physical_replay,PASS,
Q013:return_soc,PASS,
Q013:leg_load_energy,PASS,
Q013:charging_replay,PASS,
Q013:time_order,PASS,
Q012:resource_type,PASS,
Q012:known_route,PASS,
Q012:capacity,PASS,
Q012:physical_replay,PASS,
Q012:return_soc,PASS,
Q012:leg_load_energy,PASS,
Q012:charging_replay,PASS,
Q012:time_order,PASS,
Q014:resource_type,PASS,
Q014:known_route,PASS,
Q014:capacity,PASS,
Q014:physical_replay,PASS,
Q014:return_soc,PASS,
Q014:leg_load_energy,PASS,
Q014:charging_replay,PASS,
Q014:time_order,PASS,
Q016:resource_type,PASS,
Q016:known_route,PASS,
Q016:capacity,PASS,
Q016:physical_replay,PASS,
Q016:return_soc,PASS,
Q016:leg_load_energy,PASS,
Q016:charging_replay,PASS,
Q016:time_order,PASS,
Q017:resource_type,PASS,
Q017:known_route,PASS,
Q017:capacity,PASS,
Q017:physical_replay,PASS,
Q017:return_soc,PASS,
Q017:leg_load_energy,PASS,
Q017:charging_replay,PASS,
Q017:time_order,PASS,
Q019:resource_type,PASS,
Q019:known_route,PASS,
Q019:capacity,PASS,
Q019:physical_replay,PASS,
Q019:return_soc,PASS,
Q019:leg_load_energy,PASS,
Q019:charging_replay,PASS,
Q019:time_order,PASS,
Q015:resource_type,PASS,
Q015:known_route,PASS,
Q015:capacity,PASS,
Q015:physical_replay,PASS,
Q015:return_soc,PASS,
Q015:leg_load_energy,PASS,
Q015:charging_replay,PASS,
Q015:time_order,PASS,
Q018:resource_type,PASS,
Q018:known_route,PASS,
Q018:capacity,PASS,
Q018:physical_replay,PASS,
Q018:return_soc,PASS,
Q018:leg_load_energy,PASS,
Q018:charging_replay,PASS,
Q018:time_order,PASS,
Q020:resource_type,PASS,
Q020:known_route,PASS,
Q020:capacity,PASS,
Q020:physical_replay,PASS,
Q020:return_soc,PASS,
Q020:leg_load_energy,PASS,
Q020:charging_replay,PASS,
Q020:time_order,PASS,
Q021:resource_type,PASS,
Q021:known_route,PASS,
Q021:capacity,PASS,
Q021:physical_replay,PASS,
Q021:return_soc,PASS,
Q021:leg_load_energy,PASS,
Q021:charging_replay,PASS,
Q021:time_order,PASS,
S001-MED-01:hard_deadline,PASS,"delivered=2533.433s, deadline=3600.000s"
S001-MED-02:hard_deadline,PASS,"delivered=3385.299s, deadline=3600.000s"
S001-WAT-01:hard_deadline,PASS,"delivered=3421.299s, deadline=3600.000s"
S002-MED-01:hard_deadline,PASS,"delivered=3158.751s, deadline=3600.000s"
S002-WAT-01:hard_deadline,PASS,"delivered=1130.287s, deadline=3600.000s"
S003-MED-01:hard_deadline,PASS,"delivered=6828.996s, deadline=7200.000s"
S003-WAT-01:hard_deadline,PASS,"delivered=6864.996s, deadline=7200.000s"
S004-MED-01:hard_deadline,PASS,"delivered=6830.610s, deadline=7200.000s"
S004-WAT-01:hard_deadline,PASS,"delivered=6866.610s, deadline=7200.000s"
S005-MED-01:hard_deadline,PASS,"delivered=7540.893s, deadline=10800.000s"
S005-WAT-01:hard_deadline,PASS,"delivered=7819.223s, deadline=10800.000s"
S006-MED-01:hard_deadline,PASS,"delivered=1898.894s, deadline=3600.000s"
S006-WAT-01:hard_deadline,PASS,"delivered=1934.894s, deadline=3600.000s"
S007-MED-01:hard_deadline,PASS,"delivered=1745.746s, deadline=3600.000s"
S007-WAT-01:hard_deadline,PASS,"delivered=1781.746s, deadline=3600.000s"
S008-MED-01:hard_deadline,PASS,"delivered=4259.963s, deadline=7200.000s"
S008-WAT-01:hard_deadline,PASS,"delivered=4295.963s, deadline=7200.000s"
S009-MED-01:hard_deadline,PASS,"delivered=6643.278s, deadline=10800.000s"
S009-WAT-01:hard_deadline,PASS,"delivered=6673.278s, deadline=10800.000s"
S010-MED-01:hard_deadline,PASS,"delivered=1074.966s, deadline=3600.000s"
S010-WAT-01:hard_deadline,PASS,"delivered=1104.966s, deadline=3600.000s"
S011-MED-01:hard_deadline,PASS,"delivered=3465.476s, deadline=10800.000s"
S011-WAT-01:hard_deadline,PASS,"delivered=3501.476s, deadline=10800.000s"
S012-MED-01:hard_deadline,PASS,"delivered=2585.373s, deadline=3600.000s"
S012-WAT-01:hard_deadline,PASS,"delivered=2555.373s, deadline=3600.000s"
S013-MED-01:hard_deadline,PASS,"delivered=2872.521s, deadline=3600.000s"
S013-WAT-01:hard_deadline,PASS,"delivered=2902.521s, deadline=3600.000s"
S014-MED-01:hard_deadline,PASS,"delivered=1212.433s, deadline=3600.000s"
S014-WAT-01:hard_deadline,PASS,"delivered=1182.433s, deadline=3600.000s"
S015-MED-01:hard_deadline,PASS,"delivered=6137.675s, deadline=7200.000s"
S015-WAT-01:hard_deadline,PASS,"delivered=6167.675s, deadline=10800.000s"
U01:no_overlap,PASS,
U02:no_overlap,PASS,
U03:no_overlap,PASS,
U04:no_overlap,PASS,
U05:no_overlap,PASS,
U06:no_overlap,PASS,
U07:no_overlap,PASS,
U08:no_overlap,PASS,
A-B01:charged_before_reuse,PASS,
A-B02:charged_before_reuse,PASS,
A-B03:charged_before_reuse,PASS,
A-B04:charged_before_reuse,PASS,
A-B05:charged_before_reuse,PASS,
A-B06:charged_before_reuse,PASS,
B-B01:charged_before_reuse,PASS,
B-B02:charged_before_reuse,PASS,
B-B03:charged_before_reuse,PASS,
B-B04:charged_before_reuse,PASS,
C-B01:charged_before_reuse,PASS,
C-B02:charged_before_reuse,PASS,
C-B03:charged_before_reuse,PASS,
C-B04:charged_before_reuse,PASS,
