slice_id,sortie_id,stage,start_s,end_s,direct_margin_db,midpoint_status
17,T001,巡航,677.343418621,697.106905844,-0.107041869,ASSIGNED
18,T001,巡航,697.106905844,716.870393067,-0.422433362,ASSIGNED
19,T001,巡航,716.870393067,736.633880291,-1.020854021,ASSIGNED
20,T001,巡航,736.633880291,756.397367514,-1.580737777,ASSIGNED
21,T001,巡航,756.397367514,776.160854737,-2.106744019,ASSIGNED
22,T001,巡航,776.160854737,795.924341961,-2.602735847,ASSIGNED
23,T001,巡航,795.924341961,815.687829184,-3.071951629,ASSIGNED
24,T001,巡航,815.687829184,835.451316407,-3.517132742,ASSIGNED
25,T001,巡航,835.451316407,855.214803631,-3.940620270,ASSIGNED
26,T001,巡航,855.214803631,874.978290854,-4.344429288,ASSIGNED
27,T001,巡航,874.978290854,894.741778078,-4.730306680,ASSIGNED
28,T001,巡航,894.741778078,914.505265301,-5.099776694,ASSIGNED
29,T001,下降,914.505265301,932.396116131,-5.454177219,ASSIGNED
30,T001,下降,932.396116131,950.286966961,-5.453195218,ASSIGNED
31,T001,投送,950.286966961,969.377876052,-5.452529325,ASSIGNED
32,T001,投送,969.377876052,988.468785143,-5.452529325,ASSIGNED
33,T001,投送,988.468785143,1007.559694234,-5.452529325,ASSIGNED
34,T001,投送,1007.559694234,1026.650603325,-5.452529325,ASSIGNED
35,T001,投送,1026.650603325,1045.741512416,-5.452529325,ASSIGNED
36,T001,投送,1045.741512416,1064.832421507,-5.452529325,ASSIGNED
37,T001,投送,1064.832421507,1083.923330597,-5.452529325,ASSIGNED
38,T001,投送,1083.923330597,1103.014239688,-5.452529325,ASSIGNED
39,T001,投送,1103.014239688,1122.105148779,-5.452529325,ASSIGNED
40,T001,投送,1122.105148779,1141.196057870,-5.452529325,ASSIGNED
41,T001,投送,1141.196057870,1160.286966961,-5.452529325,ASSIGNED
42,T001,爬升,1160.286966961,1175.196009320,-5.452529325,ASSIGNED
43,T001,爬升,1175.196009320,1190.105051678,-5.453195218,ASSIGNED
44,T001,巡航,1190.105051678,1209.868538901,-5.454177219,ASSIGNED
45,T001,巡航,1209.868538901,1229.632026125,-5.099776694,ASSIGNED
46,T001,巡航,1229.632026125,1249.395513348,-4.730306680,ASSIGNED
47,T001,巡航,1249.395513348,1269.159000571,-4.344429288,ASSIGNED
48,T001,巡航,1269.159000571,1288.922487795,-3.940620270,ASSIGNED
49,T001,巡航,1288.922487795,1308.685975018,-3.517132742,ASSIGNED
50,T001,巡航,1308.685975018,1328.449462241,-3.071951629,ASSIGNED
51,T001,巡航,1328.449462241,1348.212949465,-2.602735847,ASSIGNED
52,T001,巡航,1348.212949465,1367.976436688,-2.106744019,ASSIGNED
53,T001,巡航,1367.976436688,1387.739923912,-1.580737777,ASSIGNED
54,T001,巡航,1387.739923912,1407.503411135,-1.020854021,ASSIGNED
55,T001,巡航,1407.503411135,1427.266898358,-0.422433362,ASSIGNED
189,T004,巡航,743.069072535,762.935868842,-0.227997122,ASSIGNED
190,T004,巡航,762.935868842,782.802665149,-0.227997122,ASSIGNED
191,T004,巡航,782.802665149,802.669461456,-0.722462062,ASSIGNED
192,T004,巡航,802.669461456,822.536257762,-1.190384955,ASSIGNED
193,T004,巡航,822.536257762,842.403054069,-1.634461724,ASSIGNED
194,T004,巡航,842.403054069,862.269850376,-2.056998518,ASSIGNED
195,T004,巡航,862.269850376,882.136646683,-2.459983202,ASSIGNED
196,T004,巡航,882.136646683,902.003442990,-2.845141219,ASSIGNED
197,T004,巡航,902.003442990,921.870239297,-3.213979732,ASSIGNED
198,T004,巡航,921.870239297,941.737035604,-3.567822886,ASSIGNED
199,T004,巡航,941.737035604,961.603831911,-3.907840231,ASSIGNED
200,T004,巡航,961.603831911,981.470628218,-4.235069847,ASSIGNED
201,T004,巡航,981.470628218,1001.337424525,-4.550437307,ASSIGNED
202,T004,巡航,1001.337424525,1021.204220832,-4.854771348,ASSIGNED
203,T004,巡航,1021.204220832,1041.071017138,-5.148816899,ASSIGNED
204,T004,下降,1041.071017138,1058.871149788,-5.433246009,ASSIGNED
205,T004,下降,1058.871149788,1076.671282438,-5.431525748,ASSIGNED
206,T004,下降,1076.671282438,1094.471415088,-5.430119556,ASSIGNED
207,T004,投送,1094.471415088,1114.471415088,-5.429027740,ASSIGNED
208,T004,投送,1114.471415088,1134.471415088,-5.429027740,ASSIGNED
209,T004,投送,1134.471415088,1154.471415088,-5.429027740,ASSIGNED
210,T004,投送,1154.471415088,1174.471415088,-5.429027740,ASSIGNED
211,T004,投送,1174.471415088,1194.471415088,-5.429027740,ASSIGNED
212,T004,投送,1194.471415088,1214.471415088,-5.429027740,ASSIGNED
213,T004,投送,1214.471415088,1234.471415088,-5.429027740,ASSIGNED
214,T004,投送,1234.471415088,1254.471415088,-5.429027740,ASSIGNED
215,T004,投送,1254.471415088,1274.471415088,-5.429027740,ASSIGNED
216,T004,爬升,1274.471415088,1289.304858962,-5.429027740,ASSIGNED
217,T004,爬升,1289.304858962,1304.138302837,-5.430119556,ASSIGNED
218,T004,爬升,1304.138302837,1318.971746712,-5.431525748,ASSIGNED
219,T004,巡航,1318.971746712,1338.838543019,-5.433246009,ASSIGNED
220,T004,巡航,1338.838543019,1358.705339326,-5.148816899,ASSIGNED
221,T004,巡航,1358.705339326,1378.572135633,-4.854771348,ASSIGNED
222,T004,巡航,1378.572135633,1398.438931940,-4.550437307,ASSIGNED
223,T004,巡航,1398.438931940,1418.305728247,-4.235069847,ASSIGNED
224,T004,巡航,1418.305728247,1438.172524553,-3.907840231,ASSIGNED
225,T004,巡航,1438.172524553,1458.039320860,-3.567822886,ASSIGNED
226,T004,巡航,1458.039320860,1477.906117167,-3.213979732,ASSIGNED
227,T004,巡航,1477.906117167,1497.772913474,-2.845141219,ASSIGNED
228,T004,巡航,1497.772913474,1517.639709781,-2.459983202,ASSIGNED
229,T004,巡航,1517.639709781,1537.506506088,-2.056998518,ASSIGNED
230,T004,巡航,1537.506506088,1557.373302395,-1.634461724,ASSIGNED
231,T004,巡航,1557.373302395,1577.240098702,-1.190384955,ASSIGNED
232,T004,巡航,1577.240098702,1597.106895009,-0.722462062,ASSIGNED
233,T004,巡航,1597.106895009,1616.973691316,-0.227997122,ASSIGNED
274,T005,巡航,1060.402536798,1080.110398735,-0.094709127,ASSIGNED
275,T005,巡航,1080.110398735,1099.818260671,-0.409250750,ASSIGNED
276,T005,巡航,1099.818260671,1119.526122608,-1.006218691,ASSIGNED
277,T005,巡航,1119.526122608,1139.233984544,-1.564912721,ASSIGNED
278,T005,巡航,1139.233984544,1158.941846480,-2.089932413,ASSIGNED
279,T005,巡航,1158.941846480,1178.649708417,-2.585097130,ASSIGNED
280,T005,巡航,1178.649708417,1198.357570353,-3.053612662,ASSIGNED
281,T005,巡航,1198.357570353,1218.065432290,-3.498195720,ASSIGNED
282,T005,巡航,1218.065432290,1237.773294226,-3.921168435,ASSIGNED
283,T005,巡航,1237.773294226,1257.481156163,-4.324531127,ASSIGNED
284,T005,巡航,1257.481156163,1277.189018099,-4.710019053,ASSIGNED
285,T005,巡航,1277.189018099,1296.896880036,-5.079147201,ASSIGNED
286,T005,下降,1296.896880036,1314.697012685,-5.433246009,ASSIGNED
287,T005,下降,1314.697012685,1332.497145335,-5.431525748,ASSIGNED
288,T005,下降,1332.497145335,1350.297277985,-5.430119556,ASSIGNED
289,T005,投送,1350.297277985,1369.388187076,-5.429027740,ASSIGNED
290,T005,投送,1369.388187076,1388.479096167,-5.429027740,ASSIGNED
291,T005,投送,1388.479096167,1407.570005258,-5.429027740,ASSIGNED
292,T005,投送,1407.570005258,1426.660914349,-5.429027740,ASSIGNED
293,T005,投送,1426.660914349,1445.751823439,-5.429027740,ASSIGNED
294,T005,投送,1445.751823439,1464.842732530,-5.429027740,ASSIGNED
295,T005,投送,1464.842732530,1483.933641621,-5.429027740,ASSIGNED
296,T005,投送,1483.933641621,1503.024550712,-5.429027740,ASSIGNED
297,T005,投送,1503.024550712,1522.115459803,-5.429027740,ASSIGNED
298,T005,投送,1522.115459803,1541.206368894,-5.429027740,ASSIGNED
299,T005,投送,1541.206368894,1560.297277985,-5.429027740,ASSIGNED
300,T005,爬升,1560.297277985,1575.130721860,-5.429027740,ASSIGNED
301,T005,爬升,1575.130721860,1589.964165734,-5.430119556,ASSIGNED
302,T005,爬升,1589.964165734,1604.797609609,-5.431525748,ASSIGNED
303,T005,巡航,1604.797609609,1624.505471546,-5.433246009,ASSIGNED
304,T005,巡航,1624.505471546,1644.213333482,-5.079147201,ASSIGNED
305,T005,巡航,1644.213333482,1663.921195419,-4.710019053,ASSIGNED
306,T005,巡航,1663.921195419,1683.629057355,-4.324531127,ASSIGNED
307,T005,巡航,1683.629057355,1703.336919291,-3.921168435,ASSIGNED
308,T005,巡航,1703.336919291,1723.044781228,-3.498195720,ASSIGNED
309,T005,巡航,1723.044781228,1742.752643164,-3.053612662,ASSIGNED
310,T005,巡航,1742.752643164,1762.460505101,-2.585097130,ASSIGNED
311,T005,巡航,1762.460505101,1782.168367037,-2.089932413,ASSIGNED
312,T005,巡航,1782.168367037,1801.876228974,-1.564912721,ASSIGNED
313,T005,巡航,1801.876228974,1821.584090910,-1.006218691,ASSIGNED
314,T005,巡航,1821.584090910,1841.291952847,-0.409250750,ASSIGNED
510,T009,巡航,2772.927111550,2792.563235445,-0.161032518,ASSIGNED
511,T009,巡航,2792.563235445,2812.199359340,-0.161032518,ASSIGNED
512,T009,巡航,2812.199359340,2831.835483235,-0.651800429,ASSIGNED
513,T009,巡航,2831.835483235,2851.471607130,-1.116589392,ASSIGNED
514,T009,巡航,2851.471607130,2871.107731025,-1.557986728,ASSIGNED
515,T009,巡航,2871.107731025,2890.743854920,-1.978214914,ASSIGNED
516,T009,巡航,2890.743854920,2910.379978815,-2.379196518,ASSIGNED
517,T009,下降,2910.379978815,2929.655769830,-2.762605430,ASSIGNED
518,T009,下降,2929.655769830,2948.931560846,-2.756653839,ASSIGNED
519,T009,下降,2948.931560846,2968.207351862,-2.751378051,ASSIGNED
520,T009,下降,2968.207351862,2987.483142877,-2.746780542,ASSIGNED
521,T009,下降,2987.483142877,3006.758933893,-2.742863473,ASSIGNED
522,T009,投送,3006.758933893,3025.849842984,-2.739628693,ASSIGNED
523,T009,投送,3025.849842984,3044.940752075,-2.739628693,ASSIGNED
524,T009,投送,3044.940752075,3064.031661165,-2.739628693,ASSIGNED
525,T009,投送,3064.031661165,3083.122570256,-2.739628693,ASSIGNED
526,T009,投送,3083.122570256,3102.213479347,-2.739628693,ASSIGNED
527,T009,投送,3102.213479347,3121.304388438,-2.739628693,ASSIGNED
528,T009,投送,3121.304388438,3140.395297529,-2.739628693,ASSIGNED
529,T009,投送,3140.395297529,3159.486206620,-2.739628693,ASSIGNED
530,T009,投送,3159.486206620,3178.577115711,-2.739628693,ASSIGNED
531,T009,投送,3178.577115711,3197.668024802,-2.739628693,ASSIGNED
532,T009,投送,3197.668024802,3216.758933893,-2.739628693,ASSIGNED
533,T009,爬升,3216.758933893,3232.822093072,-2.739628693,ASSIGNED
534,T009,爬升,3232.822093072,3248.885252252,-2.742863473,ASSIGNED
535,T009,爬升,3248.885252252,3264.948411432,-2.746780542,ASSIGNED
536,T009,爬升,3264.948411432,3281.011570612,-2.751378051,ASSIGNED
537,T009,爬升,3281.011570612,3297.074729791,-2.756653839,ASSIGNED
538,T009,巡航,3297.074729791,3316.710853686,-2.762605430,ASSIGNED
539,T009,巡航,3316.710853686,3336.346977581,-2.379196518,ASSIGNED
540,T009,巡航,3336.346977581,3355.983101476,-1.978214914,ASSIGNED
541,T009,巡航,3355.983101476,3375.619225371,-1.557986728,ASSIGNED
542,T009,巡航,3375.619225371,3395.255349266,-1.116589392,ASSIGNED
543,T009,巡航,3395.255349266,3414.891473161,-0.651800429,ASSIGNED
544,T009,巡航,3414.891473161,3434.527597056,-0.161032518,ASSIGNED
595,T010,巡航,2772.927111550,2792.563235445,-0.161032518,ASSIGNED
596,T010,巡航,2792.563235445,2812.199359340,-0.161032518,ASSIGNED
597,T010,巡航,2812.199359340,2831.835483235,-0.651800429,ASSIGNED
598,T010,巡航,2831.835483235,2851.471607130,-1.116589392,ASSIGNED
599,T010,巡航,2851.471607130,2871.107731025,-1.557986728,ASSIGNED
600,T010,巡航,2871.107731025,2890.743854920,-1.978214914,ASSIGNED
601,T010,巡航,2890.743854920,2910.379978815,-2.379196518,ASSIGNED
602,T010,下降,2910.379978815,2929.655769830,-2.762605430,ASSIGNED
603,T010,下降,2929.655769830,2948.931560846,-2.756653839,ASSIGNED
604,T010,下降,2948.931560846,2968.207351862,-2.751378051,ASSIGNED
605,T010,下降,2968.207351862,2987.483142877,-2.746780542,ASSIGNED
606,T010,下降,2987.483142877,3006.758933893,-2.742863473,ASSIGNED
607,T010,投送,3006.758933893,3026.758933893,-2.739628693,ASSIGNED
608,T010,投送,3026.758933893,3046.758933893,-2.739628693,ASSIGNED
609,T010,投送,3046.758933893,3066.758933893,-2.739628693,ASSIGNED
610,T010,投送,3066.758933893,3086.758933893,-2.739628693,ASSIGNED
611,T010,投送,3086.758933893,3106.758933893,-2.739628693,ASSIGNED
612,T010,投送,3106.758933893,3126.758933893,-2.739628693,ASSIGNED
613,T010,投送,3126.758933893,3146.758933893,-2.739628693,ASSIGNED
614,T010,投送,3146.758933893,3166.758933893,-2.739628693,ASSIGNED
615,T010,投送,3166.758933893,3186.758933893,-2.739628693,ASSIGNED
616,T010,爬升,3186.758933893,3202.822093072,-2.739628693,ASSIGNED
617,T010,爬升,3202.822093072,3218.885252252,-2.742863473,ASSIGNED
618,T010,爬升,3218.885252252,3234.948411432,-2.746780542,ASSIGNED
619,T010,爬升,3234.948411432,3251.011570612,-2.751378051,ASSIGNED
620,T010,爬升,3251.011570612,3267.074729791,-2.756653839,ASSIGNED
621,T010,巡航,3267.074729791,3286.710853686,-2.762605430,ASSIGNED
622,T010,巡航,3286.710853686,3306.346977581,-2.379196518,ASSIGNED
623,T010,巡航,3306.346977581,3325.983101476,-1.978214914,ASSIGNED
624,T010,巡航,3325.983101476,3345.619225371,-1.557986728,ASSIGNED
625,T010,巡航,3345.619225371,3365.255349266,-1.116589392,ASSIGNED
626,T010,巡航,3365.255349266,3384.891473161,-0.651800429,ASSIGNED
627,T010,巡航,3384.891473161,3404.527597056,-0.161032518,ASSIGNED
676,T011,巡航,2772.624336877,2791.867301326,-0.200837366,ASSIGNED
677,T011,巡航,2791.867301326,2811.110265776,-0.444608510,ASSIGNED
678,T011,巡航,2811.110265776,2830.353230225,-0.912606618,ASSIGNED
679,T011,巡航,2830.353230225,2849.596194674,-1.356747650,ASSIGNED
680,T011,下降,2849.596194674,2868.588924166,-1.779339780,ASSIGNED
681,T011,投送,2868.588924166,2887.679833257,-1.775354393,ASSIGNED
682,T011,投送,2887.679833257,2906.770742348,-1.775354393,ASSIGNED
683,T011,投送,2906.770742348,2925.861651439,-1.775354393,ASSIGNED
684,T011,投送,2925.861651439,2944.952560529,-1.775354393,ASSIGNED
685,T011,投送,2944.952560529,2964.043469620,-1.775354393,ASSIGNED
686,T011,投送,2964.043469620,2983.134378711,-1.775354393,ASSIGNED
687,T011,投送,2983.134378711,3002.225287802,-1.775354393,ASSIGNED
688,T011,投送,3002.225287802,3021.316196893,-1.775354393,ASSIGNED
689,T011,投送,3021.316196893,3040.407105984,-1.775354393,ASSIGNED
690,T011,投送,3040.407105984,3059.498015075,-1.775354393,ASSIGNED
691,T011,投送,3059.498015075,3078.588924166,-1.775354393,ASSIGNED
692,T011,爬升,3078.588924166,3094.416198743,-1.775354393,ASSIGNED
693,T011,巡航,3094.416198743,3113.659163192,-1.779339780,ASSIGNED
694,T011,巡航,3113.659163192,3132.902127641,-1.356747650,ASSIGNED
695,T011,巡航,3132.902127641,3152.145092090,-0.912606618,ASSIGNED
696,T011,巡航,3152.145092090,3171.388056539,-0.444608510,ASSIGNED
740,T012,巡航,2772.333670055,2792.268982040,-0.197224483,ASSIGNED
741,T012,巡航,2792.268982040,2812.204294024,-0.511567410,ASSIGNED
742,T012,巡航,2812.204294024,2832.139606008,-1.108195602,ASSIGNED
743,T012,下降,2832.139606008,2846.145695283,-1.666611283,ASSIGNED
744,T012,下降,2846.145695283,2860.151784557,-1.663709213,ASSIGNED
745,T012,下降,2860.151784557,2874.157873831,-1.661102256,ASSIGNED
746,T012,投送,2874.157873831,2893.542489215,-1.658790945,ASSIGNED
747,T012,投送,2893.542489215,2912.927104600,-1.658790945,ASSIGNED
748,T012,投送,2912.927104600,2932.311719985,-1.658790945,ASSIGNED
749,T012,投送,2932.311719985,2951.696335369,-1.658790945,ASSIGNED
750,T012,投送,2951.696335369,2971.080950754,-1.658790945,ASSIGNED
751,T012,投送,2971.080950754,2990.465566138,-1.658790945,ASSIGNED
752,T012,投送,2990.465566138,3009.850181523,-1.658790945,ASSIGNED
753,T012,投送,3009.850181523,3029.234796908,-1.658790945,ASSIGNED
754,T012,投送,3029.234796908,3048.619412292,-1.658790945,ASSIGNED
755,T012,投送,3048.619412292,3068.004027677,-1.658790945,ASSIGNED
756,T012,投送,3068.004027677,3087.388643061,-1.658790945,ASSIGNED
757,T012,投送,3087.388643061,3106.773258446,-1.658790945,ASSIGNED
758,T012,投送,3106.773258446,3126.157873831,-1.658790945,ASSIGNED
759,T012,爬升,3126.157873831,3142.965180960,-1.658790945,ASSIGNED
760,T012,爬升,3142.965180960,3159.772488089,-1.662368810,ASSIGNED
761,T012,巡航,3159.772488089,3179.707800073,-1.666611283,ASSIGNED
762,T012,巡航,3179.707800073,3199.643112057,-1.108195602,ASSIGNED
763,T012,巡航,3199.643112057,3219.578424042,-0.511567410,ASSIGNED
805,T013,巡航,2772.333670055,2792.268982040,-0.197224483,ASSIGNED
806,T013,巡航,2792.268982040,2812.204294024,-0.511567410,ASSIGNED
807,T013,巡航,2812.204294024,2832.139606008,-1.108195602,ASSIGNED
808,T013,下降,2832.139606008,2846.145695283,-1.666611283,ASSIGNED
809,T013,下降,2846.145695283,2860.151784557,-1.663709213,ASSIGNED
810,T013,下降,2860.151784557,2874.157873831,-1.661102256,ASSIGNED
811,T013,投送,2874.157873831,2893.794237467,-1.658790945,ASSIGNED
812,T013,投送,2893.794237467,2913.430601103,-1.658790945,ASSIGNED
813,T013,投送,2913.430601103,2933.066964740,-1.658790945,ASSIGNED
814,T013,投送,2933.066964740,2952.703328376,-1.658790945,ASSIGNED
815,T013,投送,2952.703328376,2972.339692013,-1.658790945,ASSIGNED
816,T013,投送,2972.339692013,2991.976055649,-1.658790945,ASSIGNED
817,T013,投送,2991.976055649,3011.612419285,-1.658790945,ASSIGNED
818,T013,投送,3011.612419285,3031.248782922,-1.658790945,ASSIGNED
819,T013,投送,3031.248782922,3050.885146558,-1.658790945,ASSIGNED
820,T013,投送,3050.885146558,3070.521510194,-1.658790945,ASSIGNED
821,T013,投送,3070.521510194,3090.157873831,-1.658790945,ASSIGNED
822,T013,爬升,3090.157873831,3106.965180960,-1.658790945,ASSIGNED
823,T013,爬升,3106.965180960,3123.772488089,-1.662368810,ASSIGNED
824,T013,巡航,3123.772488089,3143.707800073,-1.666611283,ASSIGNED
825,T013,巡航,3143.707800073,3163.643112057,-1.108195602,ASSIGNED
826,T013,巡航,3163.643112057,3183.578424042,-0.511567410,ASSIGNED
872,T014,巡航,3270.102571526,3289.627646034,-0.105371886,ASSIGNED
873,T014,巡航,3289.627646034,3309.152720542,-0.105371886,ASSIGNED
874,T014,巡航,3309.152720542,3328.677795050,-0.596824034,ASSIGNED
875,T014,巡航,3328.677795050,3348.202869559,-1.062193389,ASSIGNED
876,T014,巡航,3348.202869559,3367.727944067,-1.504087216,ASSIGNED
877,T014,巡航,3367.727944067,3387.253018575,-1.924743380,ASSIGNED
878,T014,巡航,3387.253018575,3406.778093083,-2.326096474,ASSIGNED
879,T014,巡航,3406.778093083,3426.303167591,-2.709829887,ASSIGNED
880,T014,巡航,3426.303167591,3445.828242100,-3.077417239,ASSIGNED
881,T014,巡航,3445.828242100,3465.353316608,-3.430155650,ASSIGNED
882,T014,巡航,3465.353316608,3484.878391116,-3.769192708,ASSIGNED
883,T014,巡航,3484.878391116,3504.403465624,-4.095548493,ASSIGNED
884,T014,巡航,3504.403465624,3523.928540132,-4.410133719,ASSIGNED
885,T014,巡航,3523.928540132,3543.453614641,-4.713764762,ASSIGNED
886,T014,巡航,3543.453614641,3562.978689149,-5.007176212,ASSIGNED
887,T014,下降,3562.978689149,3580.843020203,-5.291031402,ASSIGNED
888,T014,下降,3580.843020203,3598.707351258,-5.288159039,ASSIGNED
889,T014,下降,3598.707351258,3616.571682313,-5.285612527,ASSIGNED
890,T014,下降,3616.571682313,3634.436013368,-5.283392441,ASSIGNED
891,T014,下降,3634.436013368,3652.300344422,-5.281499282,ASSIGNED
892,T014,投送,3652.300344422,3671.391253513,-5.279933478,ASSIGNED
893,T014,投送,3671.391253513,3690.482162604,-5.279933478,ASSIGNED
894,T014,投送,3690.482162604,3709.573071695,-5.279933478,ASSIGNED
895,T014,投送,3709.573071695,3728.663980786,-5.279933478,ASSIGNED
896,T014,投送,3728.663980786,3747.754889877,-5.279933478,ASSIGNED
897,T014,投送,3747.754889877,3766.845798968,-5.279933478,ASSIGNED
898,T014,投送,3766.845798968,3785.936708059,-5.279933478,ASSIGNED
899,T014,投送,3785.936708059,3805.027617149,-5.279933478,ASSIGNED
900,T014,投送,3805.027617149,3824.118526240,-5.279933478,ASSIGNED
901,T014,投送,3824.118526240,3843.209435331,-5.279933478,ASSIGNED
902,T014,投送,3843.209435331,3862.300344422,-5.279933478,ASSIGNED
903,T014,爬升,3862.300344422,3880.909022604,-5.279933478,ASSIGNED
904,T014,爬升,3880.909022604,3899.517700786,-5.281941897,ASSIGNED
905,T014,爬升,3899.517700786,3918.126378968,-5.284461648,ASSIGNED
906,T014,爬升,3918.126378968,3936.735057150,-5.287491839,ASSIGNED
907,T014,巡航,3936.735057150,3956.260131658,-5.291031402,ASSIGNED
908,T014,巡航,3956.260131658,3975.785206166,-5.007176212,ASSIGNED
909,T014,巡航,3975.785206166,3995.310280675,-4.713764762,ASSIGNED
910,T014,巡航,3995.310280675,4014.835355183,-4.410133719,ASSIGNED
911,T014,巡航,4014.835355183,4034.360429691,-4.095548493,ASSIGNED
912,T014,巡航,4034.360429691,4053.885504199,-3.769192708,ASSIGNED
913,T014,巡航,4053.885504199,4073.410578708,-3.430155650,ASSIGNED
914,T014,巡航,4073.410578708,4092.935653216,-3.077417239,ASSIGNED
915,T014,巡航,4092.935653216,4112.460727724,-2.709829887,ASSIGNED
916,T014,巡航,4112.460727724,4131.985802232,-2.326096474,ASSIGNED
917,T014,巡航,4131.985802232,4151.510876740,-1.924743380,ASSIGNED
918,T014,巡航,4151.510876740,4171.035951249,-1.504087216,ASSIGNED
919,T014,巡航,4171.035951249,4190.561025757,-1.062193389,ASSIGNED
920,T014,巡航,4190.561025757,4210.086100265,-0.596824034,ASSIGNED
921,T014,巡航,4210.086100265,4229.611174773,-0.105371886,ASSIGNED
967,T015,巡航,3267.711324779,3286.605191427,-0.061480746,ASSIGNED
968,T015,巡航,3286.605191427,3305.499058075,-0.061480746,ASSIGNED
969,T015,巡航,3305.499058075,3324.392924724,-0.656063955,ASSIGNED
970,T015,下降,3324.392924724,3340.740242229,-1.212803402,ASSIGNED
971,T015,下降,3340.740242229,3357.087559734,-1.206901484,ASSIGNED
972,T015,下降,3357.087559734,3373.434877238,-1.201694405,ASSIGNED
973,T015,下降,3373.434877238,3389.782194743,-1.197184677,ASSIGNED
974,T015,投送,3389.782194743,3408.873103834,-1.193374479,ASSIGNED
975,T015,投送,3408.873103834,3427.964012925,-1.193374479,ASSIGNED
976,T015,投送,3427.964012925,3447.054922016,-1.193374479,ASSIGNED
977,T015,投送,3447.054922016,3466.145831107,-1.193374479,ASSIGNED
978,T015,投送,3466.145831107,3485.236740198,-1.193374479,ASSIGNED
979,T015,投送,3485.236740198,3504.327649289,-1.193374479,ASSIGNED
980,T015,投送,3504.327649289,3523.418558380,-1.193374479,ASSIGNED
981,T015,投送,3523.418558380,3542.509467471,-1.193374479,ASSIGNED
982,T015,投送,3542.509467471,3561.600376562,-1.193374479,ASSIGNED
983,T015,投送,3561.600376562,3580.691285652,-1.193374479,ASSIGNED
984,T015,投送,3580.691285652,3599.782194743,-1.193374479,ASSIGNED
985,T015,爬升,3599.782194743,3617.945880860,-1.193374479,ASSIGNED
986,T015,爬升,3617.945880860,3636.109566976,-1.198610294,ASSIGNED
987,T015,爬升,3636.109566976,3654.273253093,-1.205088456,ASSIGNED
988,T015,巡航,3654.273253093,3673.167119741,-1.212803402,ASSIGNED
989,T015,巡航,3673.167119741,3692.060986390,-0.656063955,ASSIGNED
990,T015,巡航,3692.060986390,3710.954853038,-0.061480746,ASSIGNED
1091,T017,巡航,4706.472295727,4725.733425763,-0.239729293,ASSIGNED
1092,T017,巡航,4725.733425763,4744.994555798,-0.481830497,ASSIGNED
1093,T017,巡航,4744.994555798,4764.255685834,-0.946872237,ASSIGNED
1094,T017,巡航,4764.255685834,4783.516815869,-1.388485824,ASSIGNED
1095,T017,巡航,4783.516815869,4802.777945905,-1.808900430,ASSIGNED
1096,T017,巡航,4802.777945905,4822.039075940,-2.210043858,ASSIGNED
1097,T017,巡航,4822.039075940,4841.300205976,-2.593594132,ASSIGNED
1098,T017,巡航,4841.300205976,4860.561336011,-2.961020585,ASSIGNED
1099,T017,巡航,4860.561336011,4879.822466047,-3.313616883,ASSIGNED
1100,T017,下降,4879.822466047,4899.282317121,-3.652527803,ASSIGNED
1101,T017,下降,4899.282317121,4918.742168195,-3.647870748,ASSIGNED
1102,T017,投送,4918.742168195,4938.742168195,-3.643776299,ASSIGNED
1103,T017,投送,4938.742168195,4958.742168195,-3.643776299,ASSIGNED
1104,T017,投送,4958.742168195,4978.742168195,-3.643776299,ASSIGNED
1105,T017,投送,4978.742168195,4998.742168195,-3.643776299,ASSIGNED
1106,T017,投送,4998.742168195,5018.742168195,-3.643776299,ASSIGNED
1107,T017,投送,5018.742168195,5038.742168195,-3.643776299,ASSIGNED
1108,T017,投送,5038.742168195,5058.742168195,-3.643776299,ASSIGNED
1109,T017,投送,5058.742168195,5078.742168195,-3.643776299,ASSIGNED
1110,T017,投送,5078.742168195,5098.742168195,-3.643776299,ASSIGNED
1111,T017,爬升,5098.742168195,5114.958710757,-3.643776299,ASSIGNED
1112,T017,爬升,5114.958710757,5131.175253319,-3.647870748,ASSIGNED
1113,T017,巡航,5131.175253319,5150.436383354,-3.652527803,ASSIGNED
1114,T017,巡航,5150.436383354,5169.697513390,-3.313616883,ASSIGNED
1115,T017,巡航,5169.697513390,5188.958643425,-2.961020585,ASSIGNED
1116,T017,巡航,5188.958643425,5208.219773461,-2.593594132,ASSIGNED
1117,T017,巡航,5208.219773461,5227.480903496,-2.210043858,ASSIGNED
1118,T017,巡航,5227.480903496,5246.742033532,-1.808900430,ASSIGNED
1119,T017,巡航,5246.742033532,5266.003163567,-1.388485824,ASSIGNED
1120,T017,巡航,5266.003163567,5285.264293603,-0.946872237,ASSIGNED
1121,T017,巡航,5285.264293603,5304.525423638,-0.481830497,ASSIGNED
1169,T018,巡航,4706.043064247,4725.120754949,-0.157522535,ASSIGNED
1170,T018,巡航,4725.120754949,4744.198445651,-0.157522535,ASSIGNED
1171,T018,巡航,4744.198445651,4763.276136353,-0.750579522,ASSIGNED
1172,T018,巡航,4763.276136353,4782.353827055,-1.306067015,ASSIGNED
1173,T018,巡航,4782.353827055,4801.431517757,-1.828425306,ASSIGNED
1174,T018,巡航,4801.431517757,4820.509208458,-2.321357013,ASSIGNED
1175,T018,巡航,4820.509208458,4839.586899160,-2.787980799,ASSIGNED
1176,T018,巡航,4839.586899160,4858.664589862,-3.230947299,ASSIGNED
1177,T018,下降,4858.664589862,4878.124440936,-3.652527803,ASSIGNED
1178,T018,下降,4878.124440936,4897.584292010,-3.647870748,ASSIGNED
1179,T018,投送,4897.584292010,4916.675201101,-3.643776299,ASSIGNED
1180,T018,投送,4916.675201101,4935.766110192,-3.643776299,ASSIGNED
1181,T018,投送,4935.766110192,4954.857019283,-3.643776299,ASSIGNED
1182,T018,投送,4954.857019283,4973.947928374,-3.643776299,ASSIGNED
1183,T018,投送,4973.947928374,4993.038837465,-3.643776299,ASSIGNED
1184,T018,投送,4993.038837465,5012.129746556,-3.643776299,ASSIGNED
1185,T018,投送,5012.129746556,5031.220655647,-3.643776299,ASSIGNED
1186,T018,投送,5031.220655647,5050.311564738,-3.643776299,ASSIGNED
1187,T018,投送,5050.311564738,5069.402473829,-3.643776299,ASSIGNED
1188,T018,投送,5069.402473829,5088.493382920,-3.643776299,ASSIGNED
1189,T018,投送,5088.493382920,5107.584292010,-3.643776299,ASSIGNED
1190,T018,爬升,5107.584292010,5123.800834572,-3.643776299,ASSIGNED
1191,T018,爬升,5123.800834572,5140.017377134,-3.647870748,ASSIGNED
1192,T018,巡航,5140.017377134,5159.095067836,-3.652527803,ASSIGNED
1193,T018,巡航,5159.095067836,5178.172758538,-3.230947299,ASSIGNED
1194,T018,巡航,5178.172758538,5197.250449240,-2.787980799,ASSIGNED
1195,T018,巡航,5197.250449240,5216.328139941,-2.321357013,ASSIGNED
1196,T018,巡航,5216.328139941,5235.405830643,-1.828425306,ASSIGNED
1197,T018,巡航,5235.405830643,5254.483521345,-1.306067015,ASSIGNED
1198,T018,巡航,5254.483521345,5273.561212047,-0.750579522,ASSIGNED
1199,T018,巡航,5273.561212047,5292.638902749,-0.157522535,ASSIGNED
1243,T019,巡航,4741.329536449,4760.223403097,-0.061480746,ASSIGNED
1244,T019,巡航,4760.223403097,4779.117269745,-0.061480746,ASSIGNED
1245,T019,巡航,4779.117269745,4798.011136394,-0.656063955,ASSIGNED
1246,T019,下降,4798.011136394,4814.358453899,-1.212803402,ASSIGNED
1247,T019,下降,4814.358453899,4830.705771403,-1.208026366,ASSIGNED
1248,T019,下降,4830.705771403,4847.053088908,-1.203693688,ASSIGNED
1249,T019,下降,4847.053088908,4863.400406413,-1.199806702,ASSIGNED
1250,T019,下降,4863.400406413,4879.747723918,-1.196366611,ASSIGNED
1251,T019,投送,4879.747723918,4898.947723918,-1.193374479,ASSIGNED
1252,T019,投送,4898.947723918,4918.147723918,-1.193374479,ASSIGNED
1253,T019,投送,4918.147723918,4937.347723918,-1.193374479,ASSIGNED
1254,T019,投送,4937.347723918,4956.547723918,-1.193374479,ASSIGNED
1255,T019,投送,4956.547723918,4975.747723918,-1.193374479,ASSIGNED
1256,T019,投送,4975.747723918,4994.947723918,-1.193374479,ASSIGNED
1257,T019,投送,4994.947723918,5014.147723918,-1.193374479,ASSIGNED
1258,T019,投送,5014.147723918,5033.347723918,-1.193374479,ASSIGNED
1259,T019,投送,5033.347723918,5052.547723918,-1.193374479,ASSIGNED
1260,T019,投送,5052.547723918,5071.747723918,-1.193374479,ASSIGNED
1261,T019,投送,5071.747723918,5090.947723918,-1.193374479,ASSIGNED
1262,T019,投送,5090.947723918,5110.147723918,-1.193374479,ASSIGNED
1263,T019,投送,5110.147723918,5129.347723918,-1.193374479,ASSIGNED
1264,T019,投送,5129.347723918,5148.547723918,-1.193374479,ASSIGNED
1265,T019,投送,5148.547723918,5167.747723918,-1.193374479,ASSIGNED
1266,T019,爬升,5167.747723918,5184.095041423,-1.193374479,ASSIGNED
1267,T019,爬升,5184.095041423,5200.442358928,-1.197184677,ASSIGNED
1268,T019,爬升,5200.442358928,5216.789676433,-1.201694405,ASSIGNED
1269,T019,爬升,5216.789676433,5233.136993938,-1.206901484,ASSIGNED
1270,T019,巡航,5233.136993938,5252.030860586,-1.212803402,ASSIGNED
1271,T019,巡航,5252.030860586,5270.924727234,-0.656063955,ASSIGNED
1272,T019,巡航,5270.924727234,5289.818593883,-0.061480746,ASSIGNED
1315,T020,巡航,6582.373308335,6602.154665399,-0.439501083,ASSIGNED
1316,T020,巡航,6602.154665399,6621.936022463,-1.036736351,ASSIGNED
1317,T020,巡航,6621.936022463,6641.717379527,-1.595649365,ASSIGNED
1318,T020,巡航,6641.717379527,6661.498736591,-2.120850683,ASSIGNED
1319,T020,巡航,6661.498736591,6681.280093655,-2.616167698,ASSIGNED
1320,T020,巡航,6681.280093655,6701.061450719,-3.084812187,ASSIGNED
1321,T020,巡航,6701.061450719,6720.842807783,-3.084812187,ASSIGNED
1322,T020,巡航,6720.842807783,6740.624164847,-3.529505395,ASSIGNED
1323,T020,巡航,6740.624164847,6760.405521911,-3.952572940,ASSIGNED
1324,T020,巡航,6760.405521911,6780.186878975,-4.356017852,ASSIGNED
1325,T020,巡航,6780.186878975,6799.968236039,-4.741577530,ASSIGNED
1326,T020,巡航,6799.968236039,6819.749593103,-5.110768665,ASSIGNED
1327,T020,巡航,6819.749593103,6839.530950167,-5.464923066,ASSIGNED
1328,T020,下降,6839.530950167,6856.524866793,-5.805216509,ASSIGNED
1329,T020,下降,6856.524866793,6873.518783419,-5.804059152,ASSIGNED
1330,T020,下降,6873.518783419,6890.512700045,-5.803069980,ASSIGNED
1331,T020,下降,6890.512700045,6907.506616671,-5.802249109,ASSIGNED
1332,T020,下降,6907.506616671,6924.500533297,-5.801596634,ASSIGNED
1333,T020,投送,6924.500533297,6943.559356826,-5.801112632,ASSIGNED
1334,T020,投送,6943.559356826,6962.618180355,-5.801112632,ASSIGNED
1335,T020,投送,6962.618180355,6981.677003885,-5.801112632,ASSIGNED
1336,T020,投送,6981.677003885,7000.735827414,-5.801112632,ASSIGNED
1337,T020,投送,7000.735827414,7019.794650944,-5.801112632,ASSIGNED
1338,T020,投送,7019.794650944,7038.853474473,-5.801112632,ASSIGNED
1339,T020,投送,7038.853474473,7057.912298002,-5.801112632,ASSIGNED
1340,T020,投送,7057.912298002,7076.971121532,-5.801112632,ASSIGNED
1341,T020,投送,7076.971121532,7096.029945061,-5.801112632,ASSIGNED
1342,T020,投送,7096.029945061,7115.088768591,-5.801112632,ASSIGNED
1343,T020,投送,7115.088768591,7134.147592120,-5.801112632,ASSIGNED
1344,T020,投送,7134.147592120,7153.206415650,-5.801112632,ASSIGNED
1345,T020,投送,7153.206415650,7172.265239179,-5.801112632,ASSIGNED
1346,T020,投送,7172.265239179,7191.324062708,-5.801112632,ASSIGNED
1347,T020,投送,7191.324062708,7210.382886238,-5.801112632,ASSIGNED
1348,T020,投送,7210.382886238,7229.441709767,-5.801112632,ASSIGNED
1349,T020,投送,7229.441709767,7248.500533297,-5.801112632,ASSIGNED
1350,T020,爬升,7248.500533297,7265.494449923,-5.801112632,ASSIGNED
1351,T020,爬升,7265.494449923,7282.488366549,-5.801743961,ASSIGNED
1352,T020,爬升,7282.488366549,7299.482283175,-5.802638501,ASSIGNED
1353,T020,爬升,7299.482283175,7316.476199800,-5.803796087,ASSIGNED
1354,T020,巡航,7316.476199800,7336.257556864,-5.805216509,ASSIGNED
1355,T020,巡航,7336.257556864,7356.038913928,-5.464923066,ASSIGNED
1356,T020,巡航,7356.038913928,7375.820270992,-5.110768665,ASSIGNED
1357,T020,巡航,7375.820270992,7395.601628056,-4.741577530,ASSIGNED
1358,T020,巡航,7395.601628056,7415.382985120,-4.356017852,ASSIGNED
1359,T020,巡航,7415.382985120,7435.164342184,-3.952572940,ASSIGNED
1360,T020,巡航,7435.164342184,7454.945699248,-3.529505395,ASSIGNED
1361,T020,巡航,7454.945699248,7474.727056312,-3.084812187,ASSIGNED
1362,T020,巡航,7474.727056312,7494.508413376,-2.616167698,ASSIGNED
1363,T020,巡航,7494.508413376,7514.289770440,-2.120850683,ASSIGNED
1364,T020,巡航,7514.289770440,7534.071127504,-1.595649365,ASSIGNED
1365,T020,巡航,7534.071127504,7553.852484568,-1.036736351,ASSIGNED
1366,T020,巡航,7553.852484568,7573.633841632,-0.439501083,ASSIGNED
1406,T021,巡航,6582.373308335,6602.154665399,-0.439501083,ASSIGNED
1407,T021,巡航,6602.154665399,6621.936022463,-1.036736351,ASSIGNED
1408,T021,巡航,6621.936022463,6641.717379527,-1.595649365,ASSIGNED
1409,T021,巡航,6641.717379527,6661.498736591,-2.120850683,ASSIGNED
1410,T021,巡航,6661.498736591,6681.280093655,-2.616167698,ASSIGNED
1411,T021,巡航,6681.280093655,6701.061450719,-3.084812187,ASSIGNED
1412,T021,巡航,6701.061450719,6720.842807783,-3.084812187,ASSIGNED
1413,T021,巡航,6720.842807783,6740.624164847,-3.529505395,ASSIGNED
1414,T021,巡航,6740.624164847,6760.405521911,-3.952572940,ASSIGNED
1415,T021,巡航,6760.405521911,6780.186878975,-4.356017852,ASSIGNED
1416,T021,巡航,6780.186878975,6799.968236039,-4.741577530,ASSIGNED
1417,T021,巡航,6799.968236039,6819.749593103,-5.110768665,ASSIGNED
1418,T021,巡航,6819.749593103,6839.530950167,-5.464923066,ASSIGNED
1419,T021,下降,6839.530950167,6856.524866793,-5.805216509,ASSIGNED
1420,T021,下降,6856.524866793,6873.518783419,-5.804059152,ASSIGNED
1421,T021,下降,6873.518783419,6890.512700045,-5.803069980,ASSIGNED
1422,T021,下降,6890.512700045,6907.506616671,-5.802249109,ASSIGNED
1423,T021,下降,6907.506616671,6924.500533297,-5.801596634,ASSIGNED
1424,T021,投送,6924.500533297,6943.885148681,-5.801112632,ASSIGNED
1425,T021,投送,6943.885148681,6963.269764066,-5.801112632,ASSIGNED
1426,T021,投送,6963.269764066,6982.654379450,-5.801112632,ASSIGNED
1427,T021,投送,6982.654379450,7002.038994835,-5.801112632,ASSIGNED
1428,T021,投送,7002.038994835,7021.423610220,-5.801112632,ASSIGNED
1429,T021,投送,7021.423610220,7040.808225604,-5.801112632,ASSIGNED
1430,T021,投送,7040.808225604,7060.192840989,-5.801112632,ASSIGNED
1431,T021,投送,7060.192840989,7079.577456374,-5.801112632,ASSIGNED
1432,T021,投送,7079.577456374,7098.962071758,-5.801112632,ASSIGNED
1433,T021,投送,7098.962071758,7118.346687143,-5.801112632,ASSIGNED
1434,T021,投送,7118.346687143,7137.731302527,-5.801112632,ASSIGNED
1435,T021,投送,7137.731302527,7157.115917912,-5.801112632,ASSIGNED
1436,T021,投送,7157.115917912,7176.500533297,-5.801112632,ASSIGNED
1437,T021,爬升,7176.500533297,7193.494449923,-5.801112632,ASSIGNED
1438,T021,爬升,7193.494449923,7210.488366549,-5.801743961,ASSIGNED
1439,T021,爬升,7210.488366549,7227.482283175,-5.802638501,ASSIGNED
1440,T021,爬升,7227.482283175,7244.476199800,-5.803796087,ASSIGNED
1441,T021,巡航,7244.476199800,7264.257556864,-5.805216509,ASSIGNED
1442,T021,巡航,7264.257556864,7284.038913928,-5.464923066,ASSIGNED
1443,T021,巡航,7284.038913928,7303.820270992,-5.110768665,ASSIGNED
1444,T021,巡航,7303.820270992,7323.601628056,-4.741577530,ASSIGNED
1445,T021,巡航,7323.601628056,7343.382985120,-4.356017852,ASSIGNED
1446,T021,巡航,7343.382985120,7363.164342184,-3.952572940,ASSIGNED
1447,T021,巡航,7363.164342184,7382.945699248,-3.529505395,ASSIGNED
1448,T021,巡航,7382.945699248,7402.727056312,-3.084812187,ASSIGNED
1449,T021,巡航,7402.727056312,7422.508413376,-2.616167698,ASSIGNED
1450,T021,巡航,7422.508413376,7442.289770440,-2.120850683,ASSIGNED
1451,T021,巡航,7442.289770440,7462.071127504,-1.595649365,ASSIGNED
1452,T021,巡航,7462.071127504,7481.852484568,-1.036736351,ASSIGNED
1453,T021,巡航,7481.852484568,7501.633841632,-0.439501083,ASSIGNED
1492,T022,巡航,6621.066050100,6641.014481332,-0.509319239,ASSIGNED
1493,T022,巡航,6641.014481332,6660.962912563,-1.106970300,ASSIGNED
1494,T022,巡航,6660.962912563,6680.911343795,-1.106970300,ASSIGNED
1495,T022,巡航,6680.911343795,6700.859775026,-1.666223871,ASSIGNED
1496,T022,巡航,6700.859775026,6720.808206257,-2.191707611,ASSIGNED
1497,T022,巡航,6720.808206257,6740.756637489,-2.687261423,ASSIGNED
1498,T022,巡航,6740.756637489,6760.705068720,-3.156106401,ASSIGNED
1499,T022,巡航,6760.705068720,6780.653499952,-3.600970847,ASSIGNED
1500,T022,巡航,6780.653499952,6800.601931183,-4.024185802,ASSIGNED
1501,T022,巡航,6800.601931183,6820.550362415,-4.427758520,ASSIGNED
1502,T022,巡航,6820.550362415,6840.498793646,-4.813429725,ASSIGNED
1503,T022,巡航,6840.498793646,6860.447224877,-5.182718759,ASSIGNED
1504,T022,巡航,6860.447224877,6880.395656109,-5.536959564,ASSIGNED
1505,T022,巡航,6880.395656109,6900.344087340,-5.877329647,ASSIGNED
1506,T022,下降,6900.344087340,6913.945331644,-6.204873603,ASSIGNED
1507,T022,下降,6913.945331644,6927.546575947,-6.203932121,ASSIGNED
1508,T022,下降,6927.546575947,6941.147820250,-6.203144238,ASSIGNED
1509,T022,投送,6941.147820250,6961.147820250,-6.202510039,ASSIGNED
1510,T022,投送,6961.147820250,6981.147820250,-6.202510039,ASSIGNED
1511,T022,投送,6981.147820250,7001.147820250,-6.202510039,ASSIGNED
1512,T022,投送,7001.147820250,7021.147820250,-6.202510039,ASSIGNED
1513,T022,投送,7021.147820250,7041.147820250,-6.202510039,ASSIGNED
1514,T022,投送,7041.147820250,7061.147820250,-6.202510039,ASSIGNED
1515,T022,投送,7061.147820250,7081.147820250,-6.202510039,ASSIGNED
1516,T022,投送,7081.147820250,7101.147820250,-6.202510039,ASSIGNED
1517,T022,投送,7101.147820250,7121.147820250,-6.202510039,ASSIGNED
1518,T022,投送,7121.147820250,7141.147820250,-6.202510039,ASSIGNED
1519,T022,投送,7141.147820250,7161.147820250,-6.202510039,ASSIGNED
1520,T022,投送,7161.147820250,7181.147820250,-6.202510039,ASSIGNED
1521,T022,爬升,7181.147820250,7198.149375630,-6.202510039,ASSIGNED
1522,T022,爬升,7198.149375630,7215.150931009,-6.203518974,ASSIGNED
1523,T022,巡航,7215.150931009,7235.099362240,-6.204873603,ASSIGNED
1524,T022,巡航,7235.099362240,7255.047793472,-5.877329647,ASSIGNED
1525,T022,巡航,7255.047793472,7274.996224703,-5.536959564,ASSIGNED
1526,T022,巡航,7274.996224703,7294.944655935,-5.182718759,ASSIGNED
1527,T022,巡航,7294.944655935,7314.893087166,-4.813429725,ASSIGNED
1528,T022,巡航,7314.893087166,7334.841518397,-4.427758520,ASSIGNED
1529,T022,巡航,7334.841518397,7354.789949629,-4.024185802,ASSIGNED
1530,T022,巡航,7354.789949629,7374.738380860,-3.600970847,ASSIGNED
1531,T022,巡航,7374.738380860,7394.686812092,-3.156106401,ASSIGNED
1532,T022,巡航,7394.686812092,7414.635243323,-2.687261423,ASSIGNED
1533,T022,巡航,7414.635243323,7434.583674555,-2.191707611,ASSIGNED
1534,T022,巡航,7434.583674555,7454.532105786,-1.666223871,ASSIGNED
1535,T022,巡航,7454.532105786,7474.480537017,-1.106970300,ASSIGNED
1536,T022,巡航,7474.480537017,7494.428968249,-0.509319239,ASSIGNED
1573,T023,巡航,6621.066050100,6641.014481332,-0.509319239,ASSIGNED
1574,T023,巡航,6641.014481332,6660.962912563,-1.106970300,ASSIGNED
1575,T023,巡航,6660.962912563,6680.911343795,-1.106970300,ASSIGNED
1576,T023,巡航,6680.911343795,6700.859775026,-1.666223871,ASSIGNED
1577,T023,巡航,6700.859775026,6720.808206257,-2.191707611,ASSIGNED
1578,T023,巡航,6720.808206257,6740.756637489,-2.687261423,ASSIGNED
1579,T023,巡航,6740.756637489,6760.705068720,-3.156106401,ASSIGNED
1580,T023,巡航,6760.705068720,6780.653499952,-3.600970847,ASSIGNED
1581,T023,巡航,6780.653499952,6800.601931183,-4.024185802,ASSIGNED
1582,T023,巡航,6800.601931183,6820.550362415,-4.427758520,ASSIGNED
1583,T023,巡航,6820.550362415,6840.498793646,-4.813429725,ASSIGNED
1584,T023,巡航,6840.498793646,6860.447224877,-5.182718759,ASSIGNED
1585,T023,巡航,6860.447224877,6880.395656109,-5.536959564,ASSIGNED
1586,T023,巡航,6880.395656109,6900.344087340,-5.877329647,ASSIGNED
1587,T023,下降,6900.344087340,6913.945331644,-6.204873603,ASSIGNED
1588,T023,下降,6913.945331644,6927.546575947,-6.203932121,ASSIGNED
1589,T023,下降,6927.546575947,6941.147820250,-6.203144238,ASSIGNED
1590,T023,投送,6941.147820250,6960.238729341,-6.202510039,ASSIGNED
1591,T023,投送,6960.238729341,6979.329638432,-6.202510039,ASSIGNED
1592,T023,投送,6979.329638432,6998.420547523,-6.202510039,ASSIGNED
1593,T023,投送,6998.420547523,7017.511456614,-6.202510039,ASSIGNED
1594,T023,投送,7017.511456614,7036.602365705,-6.202510039,ASSIGNED
1595,T023,投送,7036.602365705,7055.693274796,-6.202510039,ASSIGNED
1596,T023,投送,7055.693274796,7074.784183887,-6.202510039,ASSIGNED
1597,T023,投送,7074.784183887,7093.875092978,-6.202510039,ASSIGNED
1598,T023,投送,7093.875092978,7112.966002069,-6.202510039,ASSIGNED
1599,T023,投送,7112.966002069,7132.056911160,-6.202510039,ASSIGNED
1600,T023,投送,7132.056911160,7151.147820250,-6.202510039,ASSIGNED
1601,T023,爬升,7151.147820250,7168.149375630,-6.202510039,ASSIGNED
1602,T023,爬升,7168.149375630,7185.150931009,-6.203518974,ASSIGNED
1603,T023,巡航,7185.150931009,7205.099362240,-6.204873603,ASSIGNED
1604,T023,巡航,7205.099362240,7225.047793472,-5.877329647,ASSIGNED
1605,T023,巡航,7225.047793472,7244.996224703,-5.536959564,ASSIGNED
1606,T023,巡航,7244.996224703,7264.944655935,-5.182718759,ASSIGNED
1607,T023,巡航,7264.944655935,7284.893087166,-4.813429725,ASSIGNED
1608,T023,巡航,7284.893087166,7304.841518397,-4.427758520,ASSIGNED
1609,T023,巡航,7304.841518397,7324.789949629,-4.024185802,ASSIGNED
1610,T023,巡航,7324.789949629,7344.738380860,-3.600970847,ASSIGNED
1611,T023,巡航,7344.738380860,7364.686812092,-3.156106401,ASSIGNED
1612,T023,巡航,7364.686812092,7384.635243323,-2.687261423,ASSIGNED
1613,T023,巡航,7384.635243323,7404.583674555,-2.191707611,ASSIGNED
1614,T023,巡航,7404.583674555,7424.532105786,-1.666223871,ASSIGNED
1615,T023,巡航,7424.532105786,7444.480537017,-1.106970300,ASSIGNED
1616,T023,巡航,7444.480537017,7464.428968249,-0.509319239,ASSIGNED
1652,T024,巡航,8588.737473847,8608.295406030,-0.018017925,ASSIGNED
1653,T024,巡航,8608.295406030,8627.853338213,-0.333284135,ASSIGNED
1654,T024,巡航,8627.853338213,8647.411270396,-0.931490692,ASSIGNED
1655,T024,巡航,8647.411270396,8666.969202579,-1.491199150,ASSIGNED
1656,T024,巡航,8666.969202579,8686.527134762,-2.017060063,ASSIGNED
1657,T024,下降,8686.527134762,8702.953495846,-2.512930071,ASSIGNED
1658,T024,下降,8702.953495846,8719.379856930,-2.511270961,ASSIGNED
1659,T024,下降,8719.379856930,8735.806218014,-2.509947265,ASSIGNED
1660,T024,下降,8735.806218014,8752.232579098,-2.508959290,ASSIGNED
1661,T024,投送,8752.232579098,8771.617194482,-2.508307265,ASSIGNED
1662,T024,投送,8771.617194482,8791.001809867,-2.508307265,ASSIGNED
1663,T024,投送,8791.001809867,8810.386425252,-2.508307265,ASSIGNED
1664,T024,投送,8810.386425252,8829.771040636,-2.508307265,ASSIGNED
1665,T024,投送,8829.771040636,8849.155656021,-2.508307265,ASSIGNED
1666,T024,投送,8849.155656021,8868.540271405,-2.508307265,ASSIGNED
1667,T024,投送,8868.540271405,8887.924886790,-2.508307265,ASSIGNED
1668,T024,投送,8887.924886790,8907.309502175,-2.508307265,ASSIGNED
1669,T024,投送,8907.309502175,8926.694117559,-2.508307265,ASSIGNED
1670,T024,投送,8926.694117559,8946.078732944,-2.508307265,ASSIGNED
1671,T024,投送,8946.078732944,8965.463348328,-2.508307265,ASSIGNED
1672,T024,投送,8965.463348328,8984.847963713,-2.508307265,ASSIGNED
1673,T024,投送,8984.847963713,9004.232579098,-2.508307265,ASSIGNED
1674,T024,爬升,9004.232579098,9021.754030921,-2.508307265,ASSIGNED
1675,T024,爬升,9021.754030921,9039.275482744,-2.509251297,ASSIGNED
1676,T024,爬升,9039.275482744,9056.796934566,-2.510792444,ASSIGNED
1677,T024,巡航,9056.796934566,9076.354866749,-2.512930071,ASSIGNED
1678,T024,巡航,9076.354866749,9095.912798932,-2.017060063,ASSIGNED
1679,T024,巡航,9095.912798932,9115.470731115,-1.491199150,ASSIGNED
1680,T024,巡航,9115.470731115,9135.028663298,-0.931490692,ASSIGNED
1681,T024,巡航,9135.028663298,9154.586595481,-0.333284135,ASSIGNED
1717,T025,巡航,8776.427035564,8796.190522787,-0.107041869,ASSIGNED
1718,T025,巡航,8796.190522787,8815.954010011,-0.422433362,ASSIGNED
1719,T025,巡航,8815.954010011,8835.717497234,-1.020854021,ASSIGNED
1720,T025,巡航,8835.717497234,8855.480984457,-1.580737777,ASSIGNED
1721,T025,巡航,8855.480984457,8875.244471681,-2.106744019,ASSIGNED
1722,T025,巡航,8875.244471681,8895.007958904,-2.602735847,ASSIGNED
1723,T025,巡航,8895.007958904,8914.771446127,-3.071951629,ASSIGNED
1724,T025,巡航,8914.771446127,8934.534933351,-3.517132742,ASSIGNED
1725,T025,巡航,8934.534933351,8954.298420574,-3.940620270,ASSIGNED
1726,T025,巡航,8954.298420574,8974.061907798,-4.344429288,ASSIGNED
1727,T025,巡航,8974.061907798,8993.825395021,-4.730306680,ASSIGNED
1728,T025,巡航,8993.825395021,9013.588882244,-5.099776694,ASSIGNED
1729,T025,下降,9013.588882244,9028.497924603,-5.454177219,ASSIGNED
1730,T025,下降,9028.497924603,9043.406966961,-5.453487438,ASSIGNED
1731,T025,下降,9043.406966961,9058.316009320,-5.452938121,ASSIGNED
1732,T025,投送,9058.316009320,9078.116009320,-5.452529325,ASSIGNED
1733,T025,投送,9078.116009320,9097.916009320,-5.452529325,ASSIGNED
1734,T025,投送,9097.916009320,9117.716009320,-5.452529325,ASSIGNED
1735,T025,投送,9117.716009320,9137.516009320,-5.452529325,ASSIGNED
1736,T025,投送,9137.516009320,9157.316009320,-5.452529325,ASSIGNED
1737,T025,投送,9157.316009320,9177.116009320,-5.452529325,ASSIGNED
1738,T025,投送,9177.116009320,9196.916009320,-5.452529325,ASSIGNED
1739,T025,投送,9196.916009320,9216.716009320,-5.452529325,ASSIGNED
1740,T025,投送,9216.716009320,9236.516009320,-5.452529325,ASSIGNED
1741,T025,投送,9236.516009320,9256.316009320,-5.452529325,ASSIGNED
1742,T025,投送,9256.316009320,9276.116009320,-5.452529325,ASSIGNED
1743,T025,投送,9276.116009320,9295.916009320,-5.452529325,ASSIGNED
1744,T025,投送,9295.916009320,9315.716009320,-5.452529325,ASSIGNED
1745,T025,投送,9315.716009320,9335.516009320,-5.452529325,ASSIGNED
1746,T025,投送,9335.516009320,9355.316009320,-5.452529325,ASSIGNED
1747,T025,投送,9355.316009320,9375.116009320,-5.452529325,ASSIGNED
1748,T025,投送,9375.116009320,9394.916009320,-5.452529325,ASSIGNED
1749,T025,投送,9394.916009320,9414.716009320,-5.452529325,ASSIGNED
1750,T025,投送,9414.716009320,9434.516009320,-5.452529325,ASSIGNED
1751,T025,投送,9434.516009320,9454.316009320,-5.452529325,ASSIGNED
1752,T025,爬升,9454.316009320,9472.206860150,-5.452529325,ASSIGNED
1753,T025,爬升,9472.206860150,9490.097710980,-5.453195218,ASSIGNED
1754,T025,巡航,9490.097710980,9509.861198203,-5.454177219,ASSIGNED
1755,T025,巡航,9509.861198203,9529.624685426,-5.099776694,ASSIGNED
1756,T025,巡航,9529.624685426,9549.388172650,-4.730306680,ASSIGNED
1757,T025,巡航,9549.388172650,9569.151659873,-4.344429288,ASSIGNED
1758,T025,巡航,9569.151659873,9588.915147096,-3.940620270,ASSIGNED
1759,T025,巡航,9588.915147096,9608.678634320,-3.517132742,ASSIGNED
1760,T025,巡航,9608.678634320,9628.442121543,-3.071951629,ASSIGNED
1761,T025,巡航,9628.442121543,9648.205608767,-2.602735847,ASSIGNED
1762,T025,巡航,9648.205608767,9667.969095990,-2.106744019,ASSIGNED
1763,T025,巡航,9667.969095990,9687.732583213,-1.580737777,ASSIGNED
1764,T025,巡航,9687.732583213,9707.496070437,-1.020854021,ASSIGNED
1765,T025,巡航,9707.496070437,9727.259557660,-0.422433362,ASSIGNED
1800,T026,巡航,8792.399419633,8811.416582365,-0.087288398,ASSIGNED
1801,T026,巡航,8811.416582365,8830.433745096,-0.087288398,ASSIGNED
1802,T026,巡航,8830.433745096,8849.450907828,-0.685810481,ASSIGNED
1803,T026,巡航,8849.450907828,8868.468070560,-1.245777270,ASSIGNED
1804,T026,巡航,8868.468070560,8887.485233292,-1.771852348,ASSIGNED
1805,T026,巡航,8887.485233292,8906.502396024,-2.267901875,ASSIGNED
1806,T026,巡航,8906.502396024,8925.519558756,-2.737166497,ASSIGNED
1807,T026,下降,8925.519558756,8938.165341227,-3.182389315,ASSIGNED
1808,T026,下降,8938.165341227,8950.811123697,-3.181295482,ASSIGNED
1809,T026,投送,8950.811123697,8969.272662159,-3.180468044,ASSIGNED
1810,T026,投送,8969.272662159,8987.734200620,-3.180468044,ASSIGNED
1811,T026,投送,8987.734200620,9006.195739082,-3.180468044,ASSIGNED
1812,T026,投送,9006.195739082,9024.657277544,-3.180468044,ASSIGNED
1813,T026,投送,9024.657277544,9043.118816005,-3.180468044,ASSIGNED
1814,T026,投送,9043.118816005,9061.580354467,-3.180468044,ASSIGNED
1815,T026,投送,9061.580354467,9080.041892928,-3.180468044,ASSIGNED
1816,T026,投送,9080.041892928,9098.503431390,-3.180468044,ASSIGNED
1817,T026,投送,9098.503431390,9116.964969851,-3.180468044,ASSIGNED
1818,T026,投送,9116.964969851,9135.426508313,-3.180468044,ASSIGNED
1819,T026,投送,9135.426508313,9153.888046774,-3.180468044,ASSIGNED
1820,T026,投送,9153.888046774,9172.349585236,-3.180468044,ASSIGNED
1821,T026,投送,9172.349585236,9190.811123697,-3.180468044,ASSIGNED
1822,T026,爬升,9190.811123697,9201.349275756,-3.180468044,ASSIGNED
1823,T026,爬升,9201.349275756,9211.887427815,-3.181295482,ASSIGNED
1824,T026,巡航,9211.887427815,9230.904590547,-3.182389315,ASSIGNED
1825,T026,巡航,9230.904590547,9249.921753279,-2.737166497,ASSIGNED
1826,T026,巡航,9249.921753279,9268.938916011,-2.267901875,ASSIGNED
1827,T026,巡航,9268.938916011,9287.956078743,-1.771852348,ASSIGNED
1828,T026,巡航,9287.956078743,9306.973241475,-1.245777270,ASSIGNED
1829,T026,巡航,9306.973241475,9325.990404207,-0.685810481,ASSIGNED
1830,T026,巡航,9325.990404207,9345.007566939,-0.087288398,ASSIGNED
1891,T027,巡航,10284.169780437,10303.551996076,-0.399300061,ASSIGNED
1892,T027,巡航,10303.551996076,10322.934211715,-0.399300061,ASSIGNED
1893,T027,巡航,10322.934211715,10342.316427353,-0.870639001,ASSIGNED
1894,T027,巡航,10342.316427353,10361.698642992,-1.330461652,ASSIGNED
1895,T027,下降,10361.698642992,10372.362966722,-1.777490330,ASSIGNED
1896,T027,投送,10372.362966722,10392.362966722,-1.775354393,ASSIGNED
1897,T027,投送,10392.362966722,10412.362966722,-1.775354393,ASSIGNED
1898,T027,投送,10412.362966722,10432.362966722,-1.775354393,ASSIGNED
1899,T027,投送,10432.362966722,10452.362966722,-1.775354393,ASSIGNED
1900,T027,投送,10452.362966722,10472.362966722,-1.775354393,ASSIGNED
1901,T027,投送,10472.362966722,10492.362966722,-1.775354393,ASSIGNED
1902,T027,投送,10492.362966722,10512.362966722,-1.775354393,ASSIGNED
1903,T027,投送,10512.362966722,10532.362966722,-1.775354393,ASSIGNED
1904,T027,投送,10532.362966722,10552.362966722,-1.775354393,ASSIGNED
1905,T027,爬升,10552.362966722,10568.190241299,-1.775354393,ASSIGNED
1906,T027,巡航,10568.190241299,10587.206817931,-1.779339780,ASSIGNED
1907,T027,巡航,10587.206817931,10606.223394563,-1.254262366,ASSIGNED
1908,T027,巡航,10606.223394563,10625.239971195,-0.695498744,ASSIGNED
1909,T027,巡航,10625.239971195,10644.256547827,-0.098445850,ASSIGNED
1951,T028,巡航,11139.437016131,11158.805890043,-0.285481360,ASSIGNED
1952,T028,巡航,11158.805890043,11178.174763955,-0.285481360,ASSIGNED
1953,T028,巡航,11178.174763955,11197.543637868,-0.878999629,ASSIGNED
1954,T028,巡航,11197.543637868,11216.912511780,-1.434865596,ASSIGNED
1955,T028,巡航,11216.912511780,11236.281385692,-1.957538204,ASSIGNED
1956,T028,巡航,11236.281385692,11255.650259604,-2.450733765,ASSIGNED
1957,T028,巡航,11255.650259604,11275.019133516,-2.917581175,ASSIGNED
1958,T028,巡航,11275.019133516,11294.388007428,-3.360738836,ASSIGNED
1959,T028,巡航,11294.388007428,11313.756881340,-3.782484023,ASSIGNED
1960,T028,巡航,11313.756881340,11333.125755253,-4.184782088,ASSIGNED
1961,T028,巡航,11333.125755253,11352.494629165,-4.569340713,ASSIGNED
1962,T028,巡航,11352.494629165,11371.863503077,-4.937652904,ASSIGNED
1963,T028,下降,11371.863503077,11390.472181259,-5.291031402,ASSIGNED
1964,T028,下降,11390.472181259,11409.080859441,-5.288615154,ASSIGNED
1965,T028,下降,11409.080859441,11427.689537623,-5.286425122,ASSIGNED
1966,T028,下降,11427.689537623,11446.298215805,-5.284461648,ASSIGNED
1967,T028,下降,11446.298215805,11464.906893987,-5.282725040,ASSIGNED
1968,T028,下降,11464.906893987,11483.515572169,-5.281215571,ASSIGNED
1969,T028,投送,11483.515572169,11503.315572169,-5.279933478,ASSIGNED
1970,T028,投送,11503.315572169,11523.115572169,-5.279933478,ASSIGNED
1971,T028,投送,11523.115572169,11542.915572169,-5.279933478,ASSIGNED
1972,T028,投送,11542.915572169,11562.715572169,-5.279933478,ASSIGNED
1973,T028,投送,11562.715572169,11582.515572169,-5.279933478,ASSIGNED
1974,T028,投送,11582.515572169,11602.315572169,-5.279933478,ASSIGNED
1975,T028,投送,11602.315572169,11622.115572169,-5.279933478,ASSIGNED
1976,T028,投送,11622.115572169,11641.915572169,-5.279933478,ASSIGNED
1977,T028,投送,11641.915572169,11661.715572169,-5.279933478,ASSIGNED
1978,T028,投送,11661.715572169,11681.515572169,-5.279933478,ASSIGNED
1979,T028,投送,11681.515572169,11701.315572169,-5.279933478,ASSIGNED
1980,T028,投送,11701.315572169,11721.115572169,-5.279933478,ASSIGNED
1981,T028,投送,11721.115572169,11740.915572169,-5.279933478,ASSIGNED
1982,T028,投送,11740.915572169,11760.715572169,-5.279933478,ASSIGNED
1983,T028,投送,11760.715572169,11780.515572169,-5.279933478,ASSIGNED
1984,T028,投送,11780.515572169,11800.315572169,-5.279933478,ASSIGNED
1985,T028,投送,11800.315572169,11820.115572169,-5.279933478,ASSIGNED
1986,T028,投送,11820.115572169,11839.915572169,-5.279933478,ASSIGNED
1987,T028,投送,11839.915572169,11859.715572169,-5.279933478,ASSIGNED
1988,T028,投送,11859.715572169,11879.515572169,-5.279933478,ASSIGNED
1989,T028,爬升,11879.515572169,11897.379903223,-5.279933478,ASSIGNED
1990,T028,爬升,11897.379903223,11915.244234278,-5.281499282,ASSIGNED
1991,T028,爬升,11915.244234278,11933.108565333,-5.283392441,ASSIGNED
1992,T028,爬升,11933.108565333,11950.972896387,-5.285612527,ASSIGNED
1993,T028,爬升,11950.972896387,11968.837227442,-5.288159039,ASSIGNED
1994,T028,巡航,11968.837227442,11988.206101354,-5.291031402,ASSIGNED
1995,T028,巡航,11988.206101354,12007.574975266,-4.937652904,ASSIGNED
1996,T028,巡航,12007.574975266,12026.943849178,-4.569340713,ASSIGNED
1997,T028,巡航,12026.943849178,12046.312723091,-4.184782088,ASSIGNED
1998,T028,巡航,12046.312723091,12065.681597003,-3.782484023,ASSIGNED
1999,T028,巡航,12065.681597003,12085.050470915,-3.360738836,ASSIGNED
2000,T028,巡航,12085.050470915,12104.419344827,-2.917581175,ASSIGNED
2001,T028,巡航,12104.419344827,12123.788218739,-2.450733765,ASSIGNED
2002,T028,巡航,12123.788218739,12143.157092651,-1.957538204,ASSIGNED
2003,T028,巡航,12143.157092651,12162.525966563,-1.434865596,ASSIGNED
2004,T028,巡航,12162.525966563,12181.894840476,-0.878999629,ASSIGNED
2005,T028,巡航,12181.894840476,12201.263714388,-0.285481360,ASSIGNED
2047,T029,巡航,14167.737473847,14187.295406030,-0.018017925,ASSIGNED
2048,T029,巡航,14187.295406030,14206.853338213,-0.333284135,ASSIGNED
2049,T029,巡航,14206.853338213,14226.411270396,-0.931490692,ASSIGNED
2050,T029,巡航,14226.411270396,14245.969202579,-1.491199150,ASSIGNED
2051,T029,巡航,14245.969202579,14265.527134762,-2.017060063,ASSIGNED
2052,T029,下降,14265.527134762,14281.953495846,-2.512930071,ASSIGNED
2053,T029,下降,14281.953495846,14298.379856930,-2.511270961,ASSIGNED
2054,T029,下降,14298.379856930,14314.806218014,-2.509947265,ASSIGNED
2055,T029,下降,14314.806218014,14331.232579098,-2.508959290,ASSIGNED
2056,T029,投送,14331.232579098,14350.291402627,-2.508307265,ASSIGNED
2057,T029,投送,14350.291402627,14369.350226157,-2.508307265,ASSIGNED
2058,T029,投送,14369.350226157,14388.409049686,-2.508307265,ASSIGNED
2059,T029,投送,14388.409049686,14407.467873215,-2.508307265,ASSIGNED
2060,T029,投送,14407.467873215,14426.526696745,-2.508307265,ASSIGNED
2061,T029,投送,14426.526696745,14445.585520274,-2.508307265,ASSIGNED
2062,T029,投送,14445.585520274,14464.644343804,-2.508307265,ASSIGNED
2063,T029,投送,14464.644343804,14483.703167333,-2.508307265,ASSIGNED
2064,T029,投送,14483.703167333,14502.761990862,-2.508307265,ASSIGNED
2065,T029,投送,14502.761990862,14521.820814392,-2.508307265,ASSIGNED
2066,T029,投送,14521.820814392,14540.879637921,-2.508307265,ASSIGNED
2067,T029,投送,14540.879637921,14559.938461451,-2.508307265,ASSIGNED
2068,T029,投送,14559.938461451,14578.997284980,-2.508307265,ASSIGNED
2069,T029,投送,14578.997284980,14598.056108509,-2.508307265,ASSIGNED
2070,T029,投送,14598.056108509,14617.114932039,-2.508307265,ASSIGNED
2071,T029,投送,14617.114932039,14636.173755568,-2.508307265,ASSIGNED
2072,T029,投送,14636.173755568,14655.232579098,-2.508307265,ASSIGNED
2073,T029,爬升,14655.232579098,14672.754030921,-2.508307265,ASSIGNED
2074,T029,爬升,14672.754030921,14690.275482744,-2.509251297,ASSIGNED
2075,T029,爬升,14690.275482744,14707.796934566,-2.510792444,ASSIGNED
2076,T029,巡航,14707.796934566,14727.354866749,-2.512930071,ASSIGNED
2077,T029,巡航,14727.354866749,14746.912798932,-2.017060063,ASSIGNED
2078,T029,巡航,14746.912798932,14766.470731115,-1.491199150,ASSIGNED
2079,T029,巡航,14766.470731115,14786.028663298,-0.931490692,ASSIGNED
2080,T029,巡航,14786.028663298,14805.586595481,-0.333284135,ASSIGNED
